Composition,Filename,Score,Num_match
mp-10695.cif,CSPML_chgnet/CHGNet_relax/mp-10695\ZnS_001_converged.cif,3.162277639302765e-08,1
mp-10695.cif,CSPML_chgnet/CHGNet_relax/mp-10695\ZnS_002_converged.cif,5.477225419970547e-08,2
mp-10695.cif,CSPML_chgnet/CHGNet_relax/mp-10695\ZnS_003_converged.cif,1.2727921326152308e-07,3
mp-10695.cif,CSPML_chgnet/CHGNet_relax/mp-10695\ZnS_004_converged.cif,1.1747338755882956e-07,4
mp-10695.cif,CSPML_chgnet/CHGNet_relax/mp-10695\ZnS_005_converged.cif,5.09901928458673e-08,5
mp-10695.cif,CSPML_chgnet/CHGNet_relax/mp-10695\ZnS_006_converged.cif,4.000000157662364e-08,6
mp-10695.cif,CSPML_chgnet/CHGNet_relax/mp-10695\ZnS_007_converged.cif,1.2247448011319142e-08,7
mp-10695.cif,CSPML_chgnet/CHGNet_relax/mp-10695\ZnS_008_converged.cif,4.242641115944621e-08,8
mp-10695.cif,CSPML_chgnet/CHGNet_relax/mp-10695\ZnS_009_converged.cif,1.4142137108440894e-08,9
mp-10695.cif,CSPML_chgnet/CHGNet_relax/mp-10695\ZnS_010_converged.cif,1.4142136004357312e-08,10
mp-10695.cif,CSPML_chgnet/CHGNet_relax/mp-10695\ZnS_014_converged.cif,3.741657109281437e-08,11
mp-10695.cif,CSPML_chgnet/CHGNet_relax/mp-10695\ZnS_017_converged.cif,7.348469724875573e-08,12
mp-10695.cif,CSPML_chgnet/CHGNet_relax/mp-10695\ZnS_018_converged.cif,0.000593264017915211,13
mp-10695.cif,CSPML_chgnet/CHGNet_relax/mp-10695\ZnS_023_converged.cif,5.5226800314703264e-08,14
mp-10695.cif,CSPML_chgnet/CHGNet_relax/mp-10695\ZnS_026_converged.cif,3.6742350177498366e-08,15
mp-10695.cif,CSPML_chgnet/CHGNet_relax/mp-10695\ZnS_033_converged.cif,5.787918158370229e-08,16
mp-10695.cif,CSPML_chgnet/CHGNet_relax/mp-10695\ZnS_035_converged.cif,4.242640614720848e-08,17
mp-10695.cif,CSPML_chgnet/CHGNet_relax/mp-10695\ZnS_038_converged.cif,5.099019825950574e-08,18
mp-10695.cif,CSPML_chgnet/CHGNet_relax/mp-10695\ZnS_040_converged.cif,2.449489941424161e-08,19
mp-10695.cif,CSPML_chgnet/CHGNet_relax/mp-10695\ZnS_042_converged.cif,3.464101391878092e-08,20
mp-10695.cif,CSPML_chgnet/CHGNet_relax/mp-10695\ZnS_045_converged.cif,3.3555925742147303e-07,21
mp-10695.cif,CSPML_chgnet/CHGNet_relax/mp-10695\ZnS_058_converged.cif,2.345207802897519e-08,22
mp-10695.cif,CSPML_chgnet/CHGNet_relax/mp-10695\ZnS_085_converged.cif,1.4142136752037175e-08,23
mp-1069538.cif,CSPML_chgnet/CHGNet_relax/mp-1069538\CsPbI3_003_converged.cif,0.0,1
mp-1069538.cif,CSPML_chgnet/CHGNet_relax/mp-1069538\CsPbI3_007_converged.cif,0.08392222050077577,2
mp-1069538.cif,CSPML_chgnet/CHGNet_relax/mp-1069538\CsPbI3_008_converged.cif,0.22582320588838659,3
mp-1069538.cif,CSPML_chgnet/CHGNet_relax/mp-1069538\CsPbI3_010_converged.cif,0.08425631662257142,4
mp-1069538.cif,CSPML_chgnet/CHGNet_relax/mp-1069538\CsPbI3_011_converged.cif,5.152677138395197e-08,5
mp-1069538.cif,CSPML_chgnet/CHGNet_relax/mp-1069538\CsPbI3_017_converged.cif,0.16746613786719092,6
mp-1069538.cif,CSPML_chgnet/CHGNet_relax/mp-1069538\CsPbI3_018_converged.cif,0.1577074594649359,7
mp-1069538.cif,CSPML_chgnet/CHGNet_relax/mp-1069538\CsPbI3_019_converged.cif,1.4663978519101785e-07,8
mp-1069538.cif,CSPML_chgnet/CHGNet_relax/mp-1069538\CsPbI3_022_converged.cif,0.012786904831534258,9
mp-1069538.cif,CSPML_chgnet/CHGNet_relax/mp-1069538\CsPbI3_023_converged.cif,0.009293054009078448,10
mp-1069538.cif,CSPML_chgnet/CHGNet_relax/mp-1069538\CsPbI3_024_converged.cif,0.20323497116108039,11
mp-1069538.cif,CSPML_chgnet/CHGNet_relax/mp-1069538\CsPbI3_025_converged.cif,5.292644860386769e-08,12
mp-1069538.cif,CSPML_chgnet/CHGNet_relax/mp-1069538\CsPbI3_026_converged.cif,0.18410623476957136,13
mp-1069538.cif,CSPML_chgnet/CHGNet_relax/mp-1069538\CsPbI3_027_converged.cif,5.832798033448338e-07,14
mp-1069538.cif,CSPML_chgnet/CHGNet_relax/mp-1069538\CsPbI3_028_converged.cif,3.350854817217634e-08,15
mp-1069538.cif,CSPML_chgnet/CHGNet_relax/mp-1069538\CsPbI3_029_converged.cif,2.655056773868061e-33,16
mp-1069538.cif,CSPML_chgnet/CHGNet_relax/mp-1069538\CsPbI3_031_converged.cif,0.007153077651689571,17
mp-1069538.cif,CSPML_chgnet/CHGNet_relax/mp-1069538\CsPbI3_032_converged.cif,0.1499331420586686,18
mp-1069538.cif,CSPML_chgnet/CHGNet_relax/mp-1069538\CsPbI3_033_converged.cif,0.2191125727799637,19
mp-1069538.cif,CSPML_chgnet/CHGNet_relax/mp-1069538\CsPbI3_036_converged.cif,1.529448973970282e-08,20
mp-1069538.cif,CSPML_chgnet/CHGNet_relax/mp-1069538\CsPbI3_038_converged.cif,9.637470481521938e-07,21
mp-1069538.cif,CSPML_chgnet/CHGNet_relax/mp-1069538\CsPbI3_039_converged.cif,0.18705182868982592,22
mp-1069538.cif,CSPML_chgnet/CHGNet_relax/mp-1069538\CsPbI3_040_converged.cif,0.1680047264013295,23
mp-1069538.cif,CSPML_chgnet/CHGNet_relax/mp-1069538\CsPbI3_041_converged.cif,0.21248109197819473,24
mp-1069538.cif,CSPML_chgnet/CHGNet_relax/mp-1069538\CsPbI3_043_converged.cif,0.21845803922796783,25
mp-1069538.cif,CSPML_chgnet/CHGNet_relax/mp-1069538\CsPbI3_044_converged.cif,2.7282558048882456e-07,26
mp-1069538.cif,CSPML_chgnet/CHGNet_relax/mp-1069538\CsPbI3_049_converged.cif,0.16364454386410862,27
mp-1069538.cif,CSPML_chgnet/CHGNet_relax/mp-1069538\CsPbI3_050_converged.cif,0.18896347005643502,28
mp-1069538.cif,CSPML_chgnet/CHGNet_relax/mp-1069538\CsPbI3_051_converged.cif,1.171886589837128e-07,29
mp-1069538.cif,CSPML_chgnet/CHGNet_relax/mp-1069538\CsPbI3_053_converged.cif,0.15670694076162078,30
mp-1069538.cif,CSPML_chgnet/CHGNet_relax/mp-1069538\CsPbI3_054_converged.cif,4.395669497543873e-07,31
mp-1069538.cif,CSPML_chgnet/CHGNet_relax/mp-1069538\CsPbI3_056_converged.cif,0.007180392161075577,32
mp-1069538.cif,CSPML_chgnet/CHGNet_relax/mp-1069538\CsPbI3_057_converged.cif,1.928814979117027e-06,33
mp-1069538.cif,CSPML_chgnet/CHGNet_relax/mp-1069538\CsPbI3_058_converged.cif,0.1823197965933532,34
mp-1069538.cif,CSPML_chgnet/CHGNet_relax/mp-1069538\CsPbI3_060_converged.cif,5.390128422783609e-08,35
mp-1069538.cif,CSPML_chgnet/CHGNet_relax/mp-1069538\CsPbI3_062_converged.cif,8.808882095050421e-07,36
mp-1069538.cif,CSPML_chgnet/CHGNet_relax/mp-1069538\CsPbI3_063_converged.cif,2.0284667634927383e-07,37
mp-1069538.cif,CSPML_chgnet/CHGNet_relax/mp-1069538\CsPbI3_065_converged.cif,0.01924066405035909,38
mp-1069538.cif,CSPML_chgnet/CHGNet_relax/mp-1069538\CsPbI3_066_converged.cif,8.925354255849872e-07,39
mp-1069538.cif,CSPML_chgnet/CHGNet_relax/mp-1069538\CsPbI3_068_converged.cif,0.15843232977849972,40
mp-1069538.cif,CSPML_chgnet/CHGNet_relax/mp-1069538\CsPbI3_069_converged.cif,3.748242289097484e-07,41
mp-1069538.cif,CSPML_chgnet/CHGNet_relax/mp-1069538\CsPbI3_070_converged.cif,1.6636671218140104e-06,42
mp-1069538.cif,CSPML_chgnet/CHGNet_relax/mp-1069538\CsPbI3_071_converged.cif,3.4695238652635177e-07,43
mp-1069538.cif,CSPML_chgnet/CHGNet_relax/mp-1069538\CsPbI3_072_converged.cif,2.0685889492291686e-06,44
mp-1069538.cif,CSPML_chgnet/CHGNet_relax/mp-1069538\CsPbI3_073_converged.cif,0.16441516346873625,45
mp-1069538.cif,CSPML_chgnet/CHGNet_relax/mp-1069538\CsPbI3_074_converged.cif,0.18467151532291498,46
mp-1069538.cif,CSPML_chgnet/CHGNet_relax/mp-1069538\CsPbI3_075_converged.cif,0.21254067237006485,47
mp-1069538.cif,CSPML_chgnet/CHGNet_relax/mp-1069538\CsPbI3_079_converged.cif,0.1822906446873195,48
mp-1069538.cif,CSPML_chgnet/CHGNet_relax/mp-1069538\CsPbI3_081_converged.cif,0.20293843961447094,49
mp-1069538.cif,CSPML_chgnet/CHGNet_relax/mp-1069538\CsPbI3_082_converged.cif,1.756071322647899e-06,50
mp-1069538.cif,CSPML_chgnet/CHGNet_relax/mp-1069538\CsPbI3_083_converged.cif,0.15103043476040445,51
mp-1069538.cif,CSPML_chgnet/CHGNet_relax/mp-1069538\CsPbI3_086_converged.cif,2.045752319778477e-07,52
mp-1069538.cif,CSPML_chgnet/CHGNet_relax/mp-1069538\CsPbI3_087_converged.cif,1.0814837411793394e-08,53
mp-1069538.cif,CSPML_chgnet/CHGNet_relax/mp-1069538\CsPbI3_088_converged.cif,1.8847380004567012e-06,54
mp-1069538.cif,CSPML_chgnet/CHGNet_relax/mp-1069538\CsPbI3_089_converged.cif,7.436015645725243e-07,55
mp-1069538.cif,CSPML_chgnet/CHGNet_relax/mp-1069538\CsPbI3_091_converged.cif,2.5592576328609135e-08,56
mp-1069538.cif,CSPML_chgnet/CHGNet_relax/mp-1069538\CsPbI3_092_converged.cif,4.985863127202126e-07,57
mp-1069538.cif,CSPML_chgnet/CHGNet_relax/mp-1069538\CsPbI3_093_converged.cif,2.5131410683728536e-08,58
mp-1069538.cif,CSPML_chgnet/CHGNet_relax/mp-1069538\CsPbI3_094_converged.cif,1.5664723556333132e-07,59
mp-1069538.cif,CSPML_chgnet/CHGNet_relax/mp-1069538\CsPbI3_096_converged.cif,9.014670705552051e-07,60
mp-1069538.cif,CSPML_chgnet/CHGNet_relax/mp-1069538\CsPbI3_098_converged.cif,0.002947964744467281,61
mp-1069538.cif,CSPML_chgnet/CHGNet_relax/mp-1069538\CsPbI3_100_converged.cif,0.19626369513977412,62
mp-1087.cif,CSPML_chgnet/CHGNet_relax/mp-1087\SrS_001_converged.cif,5.2440436044856514e-08,1
mp-1087.cif,CSPML_chgnet/CHGNet_relax/mp-1087\SrS_002_converged.cif,1.1045360822350902e-07,2
mp-1087.cif,CSPML_chgnet/CHGNet_relax/mp-1087\SrS_003_converged.cif,1.5133134932447784e-16,3
mp-1087.cif,CSPML_chgnet/CHGNet_relax/mp-1087\SrS_004_converged.cif,7.33909206823545e-17,4
mp-1087.cif,CSPML_chgnet/CHGNet_relax/mp-1087\SrS_005_converged.cif,4.301162436723177e-08,5
mp-1087.cif,CSPML_chgnet/CHGNet_relax/mp-1087\SrS_006_converged.cif,4.472136090990762e-08,6
mp-1087.cif,CSPML_chgnet/CHGNet_relax/mp-1087\SrS_007_converged.cif,1.9760782203666363e-16,7
mp-1087.cif,CSPML_chgnet/CHGNet_relax/mp-1087\SrS_008_converged.cif,1.0559356178751539e-07,8
mp-1087.cif,CSPML_chgnet/CHGNet_relax/mp-1087\SrS_009_converged.cif,3.7416571814226695e-08,9
mp-1087.cif,CSPML_chgnet/CHGNet_relax/mp-1087\SrS_010_converged.cif,1.4713937641923826e-07,10
mp-1087.cif,CSPML_chgnet/CHGNet_relax/mp-1087\SrS_012_converged.cif,1.4142134903079539e-08,11
mp-1087.cif,CSPML_chgnet/CHGNet_relax/mp-1087\SrS_013_converged.cif,5.700876896103626e-08,12
mp-1087.cif,CSPML_chgnet/CHGNet_relax/mp-1087\SrS_014_converged.cif,7.071068292172641e-09,13
mp-1087.cif,CSPML_chgnet/CHGNet_relax/mp-1087\SrS_015_converged.cif,1.4142134894961989e-08,14
mp-1087.cif,CSPML_chgnet/CHGNet_relax/mp-1087\SrS_016_converged.cif,4.062019263728108e-08,15
mp-1087.cif,CSPML_chgnet/CHGNet_relax/mp-1087\SrS_017_converged.cif,2.6460886793701433e-16,16
mp-1087.cif,CSPML_chgnet/CHGNet_relax/mp-1087\SrS_018_converged.cif,3.0822066870465496e-08,17
mp-1087.cif,CSPML_chgnet/CHGNet_relax/mp-1087\SrS_019_converged.cif,1.414213467969412e-08,18
mp-1087.cif,CSPML_chgnet/CHGNet_relax/mp-1087\SrS_020_converged.cif,1.2409673253325206e-07,19
mp-1087.cif,CSPML_chgnet/CHGNet_relax/mp-1087\SrS_021_converged.cif,3.937004095199817e-08,20
mp-1087.cif,CSPML_chgnet/CHGNet_relax/mp-1087\SrS_022_converged.cif,1.0954450844989227e-07,21
mp-1087.cif,CSPML_chgnet/CHGNet_relax/mp-1087\SrS_023_converged.cif,6.284902588227686e-08,22
mp-1087.cif,CSPML_chgnet/CHGNet_relax/mp-1087\SrS_024_converged.cif,1.3230651284742343e-16,23
mp-1087.cif,CSPML_chgnet/CHGNet_relax/mp-1087\SrS_025_converged.cif,7.348468990572192e-08,24
mp-1087.cif,CSPML_chgnet/CHGNet_relax/mp-1087\SrS_026_converged.cif,2.2027801334656284e-16,25
mp-1087.cif,CSPML_chgnet/CHGNet_relax/mp-1087\SrS_027_converged.cif,9.721110494375255e-08,26
mp-1087.cif,CSPML_chgnet/CHGNet_relax/mp-1087\SrS_028_converged.cif,1.5811388878032116e-08,27
mp-1087.cif,CSPML_chgnet/CHGNet_relax/mp-1087\SrS_029_converged.cif,1.336038878577602e-07,28
mp-1087.cif,CSPML_chgnet/CHGNet_relax/mp-1087\SrS_030_converged.cif,2.9154758359299747e-08,29
mp-1087.cif,CSPML_chgnet/CHGNet_relax/mp-1087\SrS_031_converged.cif,1.267809258631613e-16,30
mp-1087.cif,CSPML_chgnet/CHGNet_relax/mp-1087\SrS_032_converged.cif,2.8676680581333853e-16,31
mp-1087.cif,CSPML_chgnet/CHGNet_relax/mp-1087\SrS_033_converged.cif,4.301162266593636e-08,32
mp-1087.cif,CSPML_chgnet/CHGNet_relax/mp-1087\SrS_034_converged.cif,1.4142134807039221e-08,33
mp-1087.cif,CSPML_chgnet/CHGNet_relax/mp-1087\SrS_035_converged.cif,6.324555401649513e-08,34
mp-1087.cif,CSPML_chgnet/CHGNet_relax/mp-1087\SrS_036_converged.cif,2.121320207788629e-08,35
mp-1087.cif,CSPML_chgnet/CHGNet_relax/mp-1087\SrS_038_converged.cif,7.071068457108508e-09,36
mp-1087.cif,CSPML_chgnet/CHGNet_relax/mp-1087\SrS_039_converged.cif,2.20279159346387e-16,37
mp-1087.cif,CSPML_chgnet/CHGNet_relax/mp-1087\SrS_040_converged.cif,1.0378946124202107e-16,38
mp-1087.cif,CSPML_chgnet/CHGNet_relax/mp-1087\SrS_041_converged.cif,3.741657290056672e-08,39
mp-1087.cif,CSPML_chgnet/CHGNet_relax/mp-1087\SrS_042_converged.cif,3.279001590802464e-16,40
mp-1087.cif,CSPML_chgnet/CHGNet_relax/mp-1087\SrS_043_converged.cif,1.0862780825749274e-07,41
mp-1087.cif,CSPML_chgnet/CHGNet_relax/mp-1087\SrS_045_converged.cif,2.201687634571191e-16,42
mp-1087.cif,CSPML_chgnet/CHGNet_relax/mp-1087\SrS_046_converged.cif,2.07621856411866e-16,43
mp-1087.cif,CSPML_chgnet/CHGNet_relax/mp-1087\SrS_047_converged.cif,1.9760625023625968e-16,44
mp-1087.cif,CSPML_chgnet/CHGNet_relax/mp-1087\SrS_048_converged.cif,5.830951198787486e-08,45
mp-1087.cif,CSPML_chgnet/CHGNet_relax/mp-1087\SrS_049_converged.cif,2.2027151409403972e-16,46
mp-1087.cif,CSPML_chgnet/CHGNet_relax/mp-1087\SrS_050_converged.cif,1.323057933803486e-16,47
mp-1087.cif,CSPML_chgnet/CHGNet_relax/mp-1087\SrS_051_converged.cif,1.8708285531455827e-08,48
mp-1087.cif,CSPML_chgnet/CHGNet_relax/mp-1087\SrS_052_converged.cif,4.280647456450846e-16,49
mp-1087.cif,CSPML_chgnet/CHGNet_relax/mp-1087\SrS_053_converged.cif,9.486832853051576e-08,50
mp-1087.cif,CSPML_chgnet/CHGNet_relax/mp-1087\SrS_054_converged.cif,2.20170856171684e-16,51
mp-1087.cif,CSPML_chgnet/CHGNet_relax/mp-1087\SrS_055_converged.cif,2.348275944111268e-16,52
mp-1087.cif,CSPML_chgnet/CHGNet_relax/mp-1087\SrS_056_converged.cif,1.4142136559334869e-08,53
mp-1087.cif,CSPML_chgnet/CHGNet_relax/mp-1087\SrS_057_converged.cif,6.480741588553393e-08,54
mp-1087.cif,CSPML_chgnet/CHGNet_relax/mp-1087\SrS_058_converged.cif,2.6473717487732084e-16,55
mp-1087.cif,CSPML_chgnet/CHGNet_relax/mp-1087\SrS_059_converged.cif,2.4629606110403864e-16,56
mp-1087.cif,CSPML_chgnet/CHGNet_relax/mp-1087\SrS_061_converged.cif,7.339089878055301e-17,57
mp-1087.cif,CSPML_chgnet/CHGNet_relax/mp-1087\SrS_062_converged.cif,8.1240375647849e-08,58
mp-1087.cif,CSPML_chgnet/CHGNet_relax/mp-1087\SrS_063_converged.cif,1.679874309083426e-16,59
mp-1087.cif,CSPML_chgnet/CHGNet_relax/mp-1087\SrS_064_converged.cif,7.582875312026415e-08,60
mp-1087.cif,CSPML_chgnet/CHGNet_relax/mp-1087\SrS_065_converged.cif,7.968689107826521e-08,61
mp-1087.cif,CSPML_chgnet/CHGNet_relax/mp-1087\SrS_066_converged.cif,2.6804851502879127e-07,62
mp-1087.cif,CSPML_chgnet/CHGNet_relax/mp-1087\SrS_068_converged.cif,4.242640488858021e-08,63
mp-1087.cif,CSPML_chgnet/CHGNet_relax/mp-1087\SrS_070_converged.cif,4.7434162974292254e-08,64
mp-1087.cif,CSPML_chgnet/CHGNet_relax/mp-1087\SrS_071_converged.cif,1.8709179598839277e-16,65
mp-1087.cif,CSPML_chgnet/CHGNet_relax/mp-1087\SrS_072_converged.cif,1.6970564437100724e-07,66
mp-1087.cif,CSPML_chgnet/CHGNet_relax/mp-1087\SrS_073_converged.cif,0.0,67
mp-1087.cif,CSPML_chgnet/CHGNet_relax/mp-1087\SrS_074_converged.cif,0.0,68
mp-1087.cif,CSPML_chgnet/CHGNet_relax/mp-1087\SrS_075_converged.cif,1.3733095431677756e-16,69
mp-1087.cif,CSPML_chgnet/CHGNet_relax/mp-1087\SrS_076_converged.cif,1.01242280024163e-07,70
mp-1087.cif,CSPML_chgnet/CHGNet_relax/mp-1087\SrS_077_converged.cif,4.3011626899774435e-08,71
mp-1087.cif,CSPML_chgnet/CHGNet_relax/mp-1087\SrS_079_converged.cif,2.1958833654149684e-16,72
mp-1087.cif,CSPML_chgnet/CHGNet_relax/mp-1087\SrS_080_converged.cif,6.63324837026622e-08,73
mp-1087.cif,CSPML_chgnet/CHGNet_relax/mp-1087\SrS_081_converged.cif,1.4686606212738454e-16,74
mp-1087.cif,CSPML_chgnet/CHGNet_relax/mp-1087\SrS_082_converged.cif,1.1008422475396357e-16,75
mp-1087.cif,CSPML_chgnet/CHGNet_relax/mp-1087\SrS_083_converged.cif,8.988479821536482e-17,76
mp-1087.cif,CSPML_chgnet/CHGNet_relax/mp-1087\SrS_084_converged.cif,3.7416573000177476e-08,77
mp-1087.cif,CSPML_chgnet/CHGNet_relax/mp-1087\SrS_085_converged.cif,2.7673650975917933e-16,78
mp-1087.cif,CSPML_chgnet/CHGNet_relax/mp-1087\SrS_086_converged.cif,2.828426691290499e-07,79
mp-1087.cif,CSPML_chgnet/CHGNet_relax/mp-1087\SrS_087_converged.cif,2.3505023034634613e-16,80
mp-1087.cif,CSPML_chgnet/CHGNet_relax/mp-1087\SrS_088_converged.cif,6.123724519474493e-08,81
mp-1087.cif,CSPML_chgnet/CHGNet_relax/mp-1087\SrS_089_converged.cif,2.069990891875914e-16,82
mp-1087.cif,CSPML_chgnet/CHGNet_relax/mp-1087\SrS_091_converged.cif,7.342461827673499e-17,83
mp-1087.cif,CSPML_chgnet/CHGNet_relax/mp-1087\SrS_092_converged.cif,1.5033296475705327e-07,84
mp-1087.cif,CSPML_chgnet/CHGNet_relax/mp-1087\SrS_093_converged.cif,4.743416675330065e-08,85
mp-1087.cif,CSPML_chgnet/CHGNet_relax/mp-1087\SrS_095_converged.cif,4.242640336176308e-08,86
mp-1087.cif,CSPML_chgnet/CHGNet_relax/mp-1087\SrS_096_converged.cif,5.099020006509974e-08,87
mp-1087.cif,CSPML_chgnet/CHGNet_relax/mp-1087\SrS_097_converged.cif,1.0979478280052445e-16,88
mp-1087.cif,CSPML_chgnet/CHGNet_relax/mp-1087\SrS_098_converged.cif,1.7938330635952773e-16,89
mp-1087.cif,CSPML_chgnet/CHGNet_relax/mp-1087\SrS_099_converged.cif,1.5132909159875935e-16,90
mp-1087.cif,CSPML_chgnet/CHGNet_relax/mp-1087\SrS_100_converged.cif,4.242640963494711e-08,91
mp-1132.cif,CSPML_chgnet/CHGNet_relax/mp-1132\CdO_001_converged.cif,1.4142135694446699e-08,1
mp-1132.cif,CSPML_chgnet/CHGNet_relax/mp-1132\CdO_002_converged.cif,1.4142135918909849e-08,2
mp-1132.cif,CSPML_chgnet/CHGNet_relax/mp-1132\CdO_005_converged.cif,7.071067330125949e-09,3
mp-1132.cif,CSPML_chgnet/CHGNet_relax/mp-1132\CdO_006_converged.cif,1.4142134833602158e-08,4
mp-1132.cif,CSPML_chgnet/CHGNet_relax/mp-1132\CdO_007_converged.cif,3.2740975840374654e-16,5
mp-1132.cif,CSPML_chgnet/CHGNet_relax/mp-1132\CdO_008_converged.cif,1.0517002146468697e-06,6
mp-1132.cif,CSPML_chgnet/CHGNet_relax/mp-1132\CdO_012_converged.cif,1.414213779105685e-08,7
mp-1132.cif,CSPML_chgnet/CHGNet_relax/mp-1132\CdO_013_converged.cif,1.4009222741260473e-16,8
mp-1132.cif,CSPML_chgnet/CHGNet_relax/mp-1132\CdO_015_converged.cif,1.928296486126633e-16,9
mp-1132.cif,CSPML_chgnet/CHGNet_relax/mp-1132\CdO_016_converged.cif,4.01565484376386e-08,10
mp-1132.cif,CSPML_chgnet/CHGNet_relax/mp-1132\CdO_017_converged.cif,1.331863517680342e-06,11
mp-1132.cif,CSPML_chgnet/CHGNet_relax/mp-1132\CdO_018_converged.cif,4.4721357934095035e-08,12
mp-1132.cif,CSPML_chgnet/CHGNet_relax/mp-1132\CdO_020_converged.cif,1.4142135972274084e-08,13
mp-1132.cif,CSPML_chgnet/CHGNet_relax/mp-1132\CdO_021_converged.cif,1.9999999924028464e-08,14
mp-1132.cif,CSPML_chgnet/CHGNet_relax/mp-1132\CdO_022_converged.cif,2.5495100179671765e-08,15
mp-1132.cif,CSPML_chgnet/CHGNet_relax/mp-1132\CdO_023_converged.cif,7.0710689317532755e-09,16
mp-1132.cif,CSPML_chgnet/CHGNet_relax/mp-1132\CdO_024_converged.cif,5.55517707685638e-07,17
mp-1132.cif,CSPML_chgnet/CHGNet_relax/mp-1132\CdO_025_converged.cif,1.5811389234724387e-08,18
mp-1132.cif,CSPML_chgnet/CHGNet_relax/mp-1132\CdO_026_converged.cif,2.870539693091668e-07,19
mp-1132.cif,CSPML_chgnet/CHGNet_relax/mp-1132\CdO_029_converged.cif,2.1213203363900576e-08,20
mp-1132.cif,CSPML_chgnet/CHGNet_relax/mp-1132\CdO_030_converged.cif,6.48074128146861e-08,21
mp-1132.cif,CSPML_chgnet/CHGNet_relax/mp-1132\CdO_031_converged.cif,1.0319884160786357e-07,22
mp-1132.cif,CSPML_chgnet/CHGNet_relax/mp-1132\CdO_034_converged.cif,1.414213597095921e-08,23
mp-1132.cif,CSPML_chgnet/CHGNet_relax/mp-1132\CdO_035_converged.cif,7.071067407434211e-09,24
mp-1132.cif,CSPML_chgnet/CHGNet_relax/mp-1132\CdO_038_converged.cif,1.9845341872118967e-16,25
mp-1132.cif,CSPML_chgnet/CHGNet_relax/mp-1132\CdO_043_converged.cif,8.276473002120183e-08,26
mp-1132.cif,CSPML_chgnet/CHGNet_relax/mp-1132\CdO_045_converged.cif,1.4142134895767681e-08,27
mp-1132.cif,CSPML_chgnet/CHGNet_relax/mp-1132\CdO_046_converged.cif,2.449489926179965e-08,28
mp-1132.cif,CSPML_chgnet/CHGNet_relax/mp-1132\CdO_048_converged.cif,7.071068807618297e-09,29
mp-1132.cif,CSPML_chgnet/CHGNet_relax/mp-1132\CdO_049_converged.cif,7.732981007327487e-08,30
mp-1132.cif,CSPML_chgnet/CHGNet_relax/mp-1132\CdO_051_converged.cif,2.0000001297189322e-08,31
mp-1132.cif,CSPML_chgnet/CHGNet_relax/mp-1132\CdO_053_converged.cif,1.2903487000554258e-07,32
mp-1132.cif,CSPML_chgnet/CHGNet_relax/mp-1132\CdO_054_converged.cif,1.5297060629246438e-07,33
mp-1132.cif,CSPML_chgnet/CHGNet_relax/mp-1132\CdO_055_converged.cif,1.4142134656978419e-08,34
mp-1132.cif,CSPML_chgnet/CHGNet_relax/mp-1132\CdO_056_converged.cif,4.24264085963603e-08,35
mp-1132.cif,CSPML_chgnet/CHGNet_relax/mp-1132\CdO_057_converged.cif,1.928438662971307e-16,36
mp-1132.cif,CSPML_chgnet/CHGNet_relax/mp-1132\CdO_058_converged.cif,5.087537993803508e-08,37
mp-1132.cif,CSPML_chgnet/CHGNet_relax/mp-1132\CdO_059_converged.cif,1.0460410341596793e-16,38
mp-1132.cif,CSPML_chgnet/CHGNet_relax/mp-1132\CdO_062_converged.cif,2.1295541536659288e-07,39
mp-1132.cif,CSPML_chgnet/CHGNet_relax/mp-1132\CdO_063_converged.cif,1.6857665032019882e-16,40
mp-1132.cif,CSPML_chgnet/CHGNet_relax/mp-1132\CdO_065_converged.cif,2.549509879040923e-08,41
mp-1132.cif,CSPML_chgnet/CHGNet_relax/mp-1132\CdO_067_converged.cif,2.4899802192951065e-07,42
mp-1132.cif,CSPML_chgnet/CHGNet_relax/mp-1132\CdO_068_converged.cif,1.2247443122917312e-07,43
mp-1132.cif,CSPML_chgnet/CHGNet_relax/mp-1132\CdO_069_converged.cif,1.8479716747443565e-07,44
mp-1132.cif,CSPML_chgnet/CHGNet_relax/mp-1132\CdO_070_converged.cif,7.071067442996406e-09,45
mp-1132.cif,CSPML_chgnet/CHGNet_relax/mp-1132\CdO_072_converged.cif,1.6077935078901607e-07,46
mp-1132.cif,CSPML_chgnet/CHGNet_relax/mp-1132\CdO_073_converged.cif,1.224745023450836e-08,47
mp-1132.cif,CSPML_chgnet/CHGNet_relax/mp-1132\CdO_075_converged.cif,4.301162632416931e-08,48
mp-1132.cif,CSPML_chgnet/CHGNet_relax/mp-1132\CdO_076_converged.cif,5.830952780699862e-08,49
mp-1132.cif,CSPML_chgnet/CHGNet_relax/mp-1132\CdO_078_converged.cif,9.168949541638472e-08,50
mp-1132.cif,CSPML_chgnet/CHGNet_relax/mp-1132\CdO_079_converged.cif,4.898979150003642e-08,51
mp-1132.cif,CSPML_chgnet/CHGNet_relax/mp-1132\CdO_088_converged.cif,3.812480101870835e-07,52
mp-1132.cif,CSPML_chgnet/CHGNet_relax/mp-1132\CdO_092_converged.cif,4.275890074568449e-07,53
mp-1132.cif,CSPML_chgnet/CHGNet_relax/mp-1132\CdO_093_converged.cif,1.5984369934277102e-07,54
mp-1132.cif,CSPML_chgnet/CHGNet_relax/mp-1132\CdO_094_converged.cif,9.407443723669504e-08,55
mp-1132.cif,CSPML_chgnet/CHGNet_relax/mp-1132\CdO_097_converged.cif,3.1218510903224176e-07,56
mp-1132.cif,CSPML_chgnet/CHGNet_relax/mp-1132\CdO_098_converged.cif,3.108053990239253e-07,57
mp-1132.cif,CSPML_chgnet/CHGNet_relax/mp-1132\CdO_099_converged.cif,7.483313996164248e-08,58
mp-1132.cif,CSPML_chgnet/CHGNet_relax/mp-1132\CdO_100_converged.cif,3.7496667171164534e-07,59
mp-1138.cif,CSPML_chgnet/CHGNet_relax/mp-1138\LiF_001_converged.cif,2.549509948569932e-08,1
mp-1138.cif,CSPML_chgnet/CHGNet_relax/mp-1138\LiF_003_converged.cif,2.0000001030265103e-08,2
mp-1138.cif,CSPML_chgnet/CHGNet_relax/mp-1138\LiF_005_converged.cif,1.476482403270779e-07,3
mp-1138.cif,CSPML_chgnet/CHGNet_relax/mp-1138\LiF_006_converged.cif,7.449832063768347e-08,4
mp-1138.cif,CSPML_chgnet/CHGNet_relax/mp-1138\LiF_007_converged.cif,9.899494810586622e-08,5
mp-1138.cif,CSPML_chgnet/CHGNet_relax/mp-1138\LiF_008_converged.cif,2.8284271685943593e-08,6
mp-1138.cif,CSPML_chgnet/CHGNet_relax/mp-1138\LiF_009_converged.cif,1.254990043918956e-07,7
mp-1138.cif,CSPML_chgnet/CHGNet_relax/mp-1138\LiF_010_converged.cif,2.549509788206026e-08,8
mp-1138.cif,CSPML_chgnet/CHGNet_relax/mp-1138\LiF_011_converged.cif,2.5495098482809484e-08,9
mp-1138.cif,CSPML_chgnet/CHGNet_relax/mp-1138\LiF_012_converged.cif,1.6385967813975232e-07,10
mp-1138.cif,CSPML_chgnet/CHGNet_relax/mp-1138\LiF_013_converged.cif,6.04152317823983e-08,11
mp-1138.cif,CSPML_chgnet/CHGNet_relax/mp-1138\LiF_015_converged.cif,7.648529288202398e-08,12
mp-1138.cif,CSPML_chgnet/CHGNet_relax/mp-1138\LiF_017_converged.cif,1.4142136835899601e-08,13
mp-1138.cif,CSPML_chgnet/CHGNet_relax/mp-1138\LiF_018_converged.cif,1.581138845888864e-08,14
mp-1138.cif,CSPML_chgnet/CHGNet_relax/mp-1138\LiF_019_converged.cif,3.53553378844581e-08,15
mp-1138.cif,CSPML_chgnet/CHGNet_relax/mp-1138\LiF_020_converged.cif,1.1768601161787148e-07,16
mp-1138.cif,CSPML_chgnet/CHGNet_relax/mp-1138\LiF_021_converged.cif,1.1999999411857203e-07,17
mp-1138.cif,CSPML_chgnet/CHGNet_relax/mp-1138\LiF_022_converged.cif,2.1213202656885134e-07,18
mp-1138.cif,CSPML_chgnet/CHGNet_relax/mp-1138\LiF_024_converged.cif,1.2247449878955374e-08,19
mp-1138.cif,CSPML_chgnet/CHGNet_relax/mp-1138\LiF_025_converged.cif,1.1247221887136929e-07,20
mp-1138.cif,CSPML_chgnet/CHGNet_relax/mp-1138\LiF_026_converged.cif,2.449489677162709e-08,21
mp-1138.cif,CSPML_chgnet/CHGNet_relax/mp-1138\LiF_027_converged.cif,1.320984321298774e-07,22
mp-1138.cif,CSPML_chgnet/CHGNet_relax/mp-1138\LiF_028_converged.cif,1.2247448211290791e-08,23
mp-1138.cif,CSPML_chgnet/CHGNet_relax/mp-1138\LiF_029_converged.cif,4.690416106905299e-08,24
mp-1138.cif,CSPML_chgnet/CHGNet_relax/mp-1138\LiF_030_converged.cif,4.6368088355010444e-08,25
mp-1138.cif,CSPML_chgnet/CHGNet_relax/mp-1138\LiF_032_converged.cif,1.2349088262151617e-07,26
mp-1138.cif,CSPML_chgnet/CHGNet_relax/mp-1138\LiF_033_converged.cif,1.2389511152457882e-07,27
mp-1138.cif,CSPML_chgnet/CHGNet_relax/mp-1138\LiF_034_converged.cif,1.2786710439792017e-07,28
mp-1138.cif,CSPML_chgnet/CHGNet_relax/mp-1138\LiF_035_converged.cif,1.5165751638145722e-07,29
mp-1138.cif,CSPML_chgnet/CHGNet_relax/mp-1138\LiF_036_converged.cif,1.2144954778642577e-07,30
mp-1138.cif,CSPML_chgnet/CHGNet_relax/mp-1138\LiF_038_converged.cif,9.192388531780375e-08,31
mp-1138.cif,CSPML_chgnet/CHGNet_relax/mp-1138\LiF_039_converged.cif,4.8989797224907214e-08,32
mp-1138.cif,CSPML_chgnet/CHGNet_relax/mp-1138\LiF_040_converged.cif,1.5811388036604605e-08,33
mp-1138.cif,CSPML_chgnet/CHGNet_relax/mp-1138\LiF_042_converged.cif,8.246211545951517e-08,34
mp-1138.cif,CSPML_chgnet/CHGNet_relax/mp-1138\LiF_043_converged.cif,8.154752763152596e-08,35
mp-1138.cif,CSPML_chgnet/CHGNet_relax/mp-1138\LiF_048_converged.cif,7.348469438343453e-08,36
mp-1138.cif,CSPML_chgnet/CHGNet_relax/mp-1138\LiF_049_converged.cif,1.4899660711156964e-07,37
mp-1138.cif,CSPML_chgnet/CHGNet_relax/mp-1138\LiF_050_converged.cif,6.745368999275499e-08,38
mp-1138.cif,CSPML_chgnet/CHGNet_relax/mp-1138\LiF_052_converged.cif,9.823442798835836e-08,39
mp-1138.cif,CSPML_chgnet/CHGNet_relax/mp-1138\LiF_054_converged.cif,1.5748015774416124e-07,40
mp-1138.cif,CSPML_chgnet/CHGNet_relax/mp-1138\LiF_055_converged.cif,3.543303743258762e-07,41
mp-1138.cif,CSPML_chgnet/CHGNet_relax/mp-1138\LiF_056_converged.cif,3.162278007030045e-08,42
mp-1138.cif,CSPML_chgnet/CHGNet_relax/mp-1138\LiF_057_converged.cif,2.136586251101135e-07,43
mp-1138.cif,CSPML_chgnet/CHGNet_relax/mp-1138\LiF_058_converged.cif,5.830951276936384e-08,44
mp-1138.cif,CSPML_chgnet/CHGNet_relax/mp-1138\LiF_059_converged.cif,7.648528880719651e-08,45
mp-1138.cif,CSPML_chgnet/CHGNet_relax/mp-1138\LiF_060_converged.cif,3.240370639091169e-08,46
mp-1138.cif,CSPML_chgnet/CHGNet_relax/mp-1138\LiF_061_converged.cif,4.301162433018081e-08,47
mp-1138.cif,CSPML_chgnet/CHGNet_relax/mp-1138\LiF_062_converged.cif,4.636809044702763e-08,48
mp-1138.cif,CSPML_chgnet/CHGNet_relax/mp-1138\LiF_063_converged.cif,7.348469342390282e-08,49
mp-1138.cif,CSPML_chgnet/CHGNet_relax/mp-1138\LiF_064_converged.cif,1.5748017521950698e-07,50
mp-1138.cif,CSPML_chgnet/CHGNet_relax/mp-1138\LiF_065_converged.cif,5.5226801833425166e-08,51
mp-1138.cif,CSPML_chgnet/CHGNet_relax/mp-1138\LiF_067_converged.cif,1.570031912496485e-07,52
mp-1138.cif,CSPML_chgnet/CHGNet_relax/mp-1138\LiF_069_converged.cif,3.482096900576381e-07,53
mp-1138.cif,CSPML_chgnet/CHGNet_relax/mp-1138\LiF_070_converged.cif,3.072458287664461e-07,54
mp-1138.cif,CSPML_chgnet/CHGNet_relax/mp-1138\LiF_071_converged.cif,4.2426404383172316e-08,55
mp-1138.cif,CSPML_chgnet/CHGNet_relax/mp-1138\LiF_072_converged.cif,6.284903277588849e-08,56
mp-1138.cif,CSPML_chgnet/CHGNet_relax/mp-1138\LiF_073_converged.cif,1.870828750139851e-08,57
mp-1138.cif,CSPML_chgnet/CHGNet_relax/mp-1138\LiF_075_converged.cif,1.9999999325589565e-08,58
mp-1138.cif,CSPML_chgnet/CHGNet_relax/mp-1138\LiF_076_converged.cif,1.1853269787333506e-07,59
mp-1138.cif,CSPML_chgnet/CHGNet_relax/mp-1138\LiF_077_converged.cif,4.8476799557123285e-08,60
mp-1138.cif,CSPML_chgnet/CHGNet_relax/mp-1138\LiF_078_converged.cif,2.449489632795423e-08,61
mp-1138.cif,CSPML_chgnet/CHGNet_relax/mp-1138\LiF_079_converged.cif,9.9247161800508e-08,62
mp-1138.cif,CSPML_chgnet/CHGNet_relax/mp-1138\LiF_081_converged.cif,4.301162313937781e-08,63
mp-1138.cif,CSPML_chgnet/CHGNet_relax/mp-1138\LiF_084_converged.cif,1.5811387868098276e-08,64
mp-1138.cif,CSPML_chgnet/CHGNet_relax/mp-1138\LiF_086_converged.cif,6.480741025358353e-08,65
mp-1138.cif,CSPML_chgnet/CHGNet_relax/mp-1138\LiF_087_converged.cif,3.162277394028473e-08,66
mp-1138.cif,CSPML_chgnet/CHGNet_relax/mp-1138\LiF_088_converged.cif,3.082207175912672e-08,67
mp-1138.cif,CSPML_chgnet/CHGNet_relax/mp-1138\LiF_089_converged.cif,3.39632215873668e-07,68
mp-1138.cif,CSPML_chgnet/CHGNet_relax/mp-1138\LiF_090_converged.cif,7.449832898658436e-08,69
mp-1138.cif,CSPML_chgnet/CHGNet_relax/mp-1138\LiF_095_converged.cif,1.2942178166136608e-07,70
mp-1138.cif,CSPML_chgnet/CHGNet_relax/mp-1138\LiF_096_converged.cif,2.0688161985737454e-07,71
mp-1138.cif,CSPML_chgnet/CHGNet_relax/mp-1138\LiF_097_converged.cif,9.192387686672983e-08,72
mp-1138.cif,CSPML_chgnet/CHGNet_relax/mp-1138\LiF_100_converged.cif,6.782330767855604e-08,73
mp-1265.cif,CSPML_chgnet/CHGNet_relax/mp-1265\MgO_001_converged.cif,2.121320924720738e-08,1
mp-1265.cif,CSPML_chgnet/CHGNet_relax/mp-1265\MgO_002_converged.cif,1.0000001531834755e-08,2
mp-1265.cif,CSPML_chgnet/CHGNet_relax/mp-1265\MgO_004_converged.cif,3.674234499605391e-08,3
mp-1265.cif,CSPML_chgnet/CHGNet_relax/mp-1265\MgO_008_converged.cif,1.7909597607028875e-07,4
mp-1265.cif,CSPML_chgnet/CHGNet_relax/mp-1265\MgO_009_converged.cif,6.964196696221724e-08,5
mp-1265.cif,CSPML_chgnet/CHGNet_relax/mp-1265\MgO_017_converged.cif,3.3911655161839805e-08,6
mp-1265.cif,CSPML_chgnet/CHGNet_relax/mp-1265\MgO_018_converged.cif,2.449489580538769e-08,7
mp-1265.cif,CSPML_chgnet/CHGNet_relax/mp-1265\MgO_019_converged.cif,5.431942766403846e-08,8
mp-1265.cif,CSPML_chgnet/CHGNet_relax/mp-1265\MgO_020_converged.cif,7.071067070965624e-09,9
mp-1265.cif,CSPML_chgnet/CHGNet_relax/mp-1265\MgO_022_converged.cif,1.2247448877303777e-08,10
mp-1265.cif,CSPML_chgnet/CHGNet_relax/mp-1265\MgO_023_converged.cif,2.063976643369236e-07,11
mp-1265.cif,CSPML_chgnet/CHGNet_relax/mp-1265\MgO_025_converged.cif,1.2247447539906425e-08,12
mp-1265.cif,CSPML_chgnet/CHGNet_relax/mp-1265\MgO_026_converged.cif,1.1202674862526786e-07,13
mp-1265.cif,CSPML_chgnet/CHGNet_relax/mp-1265\MgO_027_converged.cif,4.2426398749696e-08,14
mp-1265.cif,CSPML_chgnet/CHGNet_relax/mp-1265\MgO_028_converged.cif,3.741656633583546e-08,15
mp-1265.cif,CSPML_chgnet/CHGNet_relax/mp-1265\MgO_032_converged.cif,3.227228637311081e-07,16
mp-1265.cif,CSPML_chgnet/CHGNet_relax/mp-1265\MgO_035_converged.cif,4.786961662266708e-07,17
mp-1265.cif,CSPML_chgnet/CHGNet_relax/mp-1265\MgO_036_converged.cif,1.7442318749001177e-06,18
mp-1265.cif,CSPML_chgnet/CHGNet_relax/mp-1265\MgO_039_converged.cif,4.242641305564363e-08,19
mp-1265.cif,CSPML_chgnet/CHGNet_relax/mp-1265\MgO_040_converged.cif,1.5141499731938852e-06,20
mp-1265.cif,CSPML_chgnet/CHGNet_relax/mp-1265\MgO_041_converged.cif,5.049752749122367e-08,21
mp-1265.cif,CSPML_chgnet/CHGNet_relax/mp-1265\MgO_043_converged.cif,1.8708285611123273e-08,22
mp-1265.cif,CSPML_chgnet/CHGNet_relax/mp-1265\MgO_044_converged.cif,4.5690375121947537e-08,23
mp-1265.cif,CSPML_chgnet/CHGNet_relax/mp-1265\MgO_045_converged.cif,3.992493477259018e-07,24
mp-1265.cif,CSPML_chgnet/CHGNet_relax/mp-1265\MgO_046_converged.cif,1.5556349176032624e-07,25
mp-1265.cif,CSPML_chgnet/CHGNet_relax/mp-1265\MgO_048_converged.cif,5.09313268150861e-07,26
mp-1265.cif,CSPML_chgnet/CHGNet_relax/mp-1265\MgO_051_converged.cif,8.112027098628169e-07,27
mp-1265.cif,CSPML_chgnet/CHGNet_relax/mp-1265\MgO_053_converged.cif,4.4367782821471165e-07,28
mp-1265.cif,CSPML_chgnet/CHGNet_relax/mp-1265\MgO_054_converged.cif,2.0346992451616642e-07,29
mp-1265.cif,CSPML_chgnet/CHGNet_relax/mp-1265\MgO_055_converged.cif,1.130398164619945e-06,30
mp-1265.cif,CSPML_chgnet/CHGNet_relax/mp-1265\MgO_056_converged.cif,1.573928286122548e-06,31
mp-1265.cif,CSPML_chgnet/CHGNet_relax/mp-1265\MgO_057_converged.cif,2.272854521075586e-06,32
mp-1265.cif,CSPML_chgnet/CHGNet_relax/mp-1265\MgO_058_converged.cif,2.5407486503441967e-06,33
mp-1265.cif,CSPML_chgnet/CHGNet_relax/mp-1265\MgO_060_converged.cif,6.333640824160121e-07,34
mp-1265.cif,CSPML_chgnet/CHGNet_relax/mp-1265\MgO_064_converged.cif,1.270826631335026e-07,35
mp-1265.cif,CSPML_chgnet/CHGNet_relax/mp-1265\MgO_065_converged.cif,4.2426402665408935e-08,36
mp-1265.cif,CSPML_chgnet/CHGNet_relax/mp-1265\MgO_066_converged.cif,9.598298434503457e-08,37
mp-1265.cif,CSPML_chgnet/CHGNet_relax/mp-1265\MgO_070_converged.cif,6.645674038350466e-07,38
mp-1265.cif,CSPML_chgnet/CHGNet_relax/mp-1265\MgO_072_converged.cif,5.753257774840483e-07,39
mp-1265.cif,CSPML_chgnet/CHGNet_relax/mp-1265\MgO_074_converged.cif,1.6431680202743934e-07,40
mp-1265.cif,CSPML_chgnet/CHGNet_relax/mp-1265\MgO_075_converged.cif,3.0822066192488016e-08,41
mp-1265.cif,CSPML_chgnet/CHGNet_relax/mp-1265\MgO_078_converged.cif,9.133459358736388e-07,42
mp-1265.cif,CSPML_chgnet/CHGNet_relax/mp-1265\MgO_079_converged.cif,9.272811683351666e-07,43
mp-1265.cif,CSPML_chgnet/CHGNet_relax/mp-1265\MgO_080_converged.cif,2.0493903871422616e-07,44
mp-1265.cif,CSPML_chgnet/CHGNet_relax/mp-1265\MgO_083_converged.cif,1.9136338866732028e-16,45
mp-1265.cif,CSPML_chgnet/CHGNet_relax/mp-1265\MgO_085_converged.cif,5.676707316763676e-07,46
mp-1265.cif,CSPML_chgnet/CHGNet_relax/mp-1265\MgO_087_converged.cif,1.6985286595896257e-07,47
mp-1265.cif,CSPML_chgnet/CHGNet_relax/mp-1265\MgO_088_converged.cif,3.5714144418067565e-07,48
mp-1265.cif,CSPML_chgnet/CHGNet_relax/mp-1265\MgO_091_converged.cif,3.144041711641033e-07,49
mp-1265.cif,CSPML_chgnet/CHGNet_relax/mp-1265\MgO_093_converged.cif,6.367101653290466e-07,50
mp-1265.cif,CSPML_chgnet/CHGNet_relax/mp-1265\MgO_094_converged.cif,4.4158803473707416e-08,51
mp-1265.cif,CSPML_chgnet/CHGNet_relax/mp-1265\MgO_095_converged.cif,2.969848312945241e-07,52
mp-1265.cif,CSPML_chgnet/CHGNet_relax/mp-1265\MgO_096_converged.cif,1.4014097267201067e-06,53
mp-1265.cif,CSPML_chgnet/CHGNet_relax/mp-1265\MgO_097_converged.cif,1.999999982956411e-08,54
mp-1265.cif,CSPML_chgnet/CHGNet_relax/mp-1265\MgO_100_converged.cif,1.7492857532737594e-07,55
mp-1315.cif,CSPML_chgnet/CHGNet_relax/mp-1315\MgS_002_converged.cif,2.0639767732618554e-07,1
mp-1315.cif,CSPML_chgnet/CHGNet_relax/mp-1315\MgS_003_converged.cif,1.1510864186676652e-07,2
mp-1315.cif,CSPML_chgnet/CHGNet_relax/mp-1315\MgS_004_converged.cif,2.084466271675698e-07,3
mp-1315.cif,CSPML_chgnet/CHGNet_relax/mp-1315\MgS_005_converged.cif,8.485280383665052e-08,4
mp-1315.cif,CSPML_chgnet/CHGNet_relax/mp-1315\MgS_007_converged.cif,3.082207138542772e-08,5
mp-1315.cif,CSPML_chgnet/CHGNet_relax/mp-1315\MgS_012_converged.cif,6.670832140696797e-08,6
mp-1315.cif,CSPML_chgnet/CHGNet_relax/mp-1315\MgS_014_converged.cif,8.366600457896547e-08,7
mp-1315.cif,CSPML_chgnet/CHGNet_relax/mp-1315\MgS_021_converged.cif,1.3619841043421621e-06,8
mp-1315.cif,CSPML_chgnet/CHGNet_relax/mp-1315\MgS_024_converged.cif,1.0488088727190521e-07,9
mp-1315.cif,CSPML_chgnet/CHGNet_relax/mp-1315\MgS_025_converged.cif,1.6282046829385824e-06,10
mp-1315.cif,CSPML_chgnet/CHGNet_relax/mp-1315\MgS_026_converged.cif,1.5636494934820843e-07,11
mp-1315.cif,CSPML_chgnet/CHGNet_relax/mp-1315\MgS_027_converged.cif,1.4142135991222008e-08,12
mp-1315.cif,CSPML_chgnet/CHGNet_relax/mp-1315\MgS_029_converged.cif,1.5297058306431714e-07,13
mp-1315.cif,CSPML_chgnet/CHGNet_relax/mp-1315\MgS_030_converged.cif,1.66733315316153e-07,14
mp-1315.cif,CSPML_chgnet/CHGNet_relax/mp-1315\MgS_032_converged.cif,5.0990197477194125e-08,15
mp-1315.cif,CSPML_chgnet/CHGNet_relax/mp-1315\MgS_033_converged.cif,4.3011626181288796e-08,16
mp-1315.cif,CSPML_chgnet/CHGNet_relax/mp-1315\MgS_034_converged.cif,5.67758761745395e-07,17
mp-1315.cif,CSPML_chgnet/CHGNet_relax/mp-1315\MgS_038_converged.cif,2.9223274599424126e-07,18
mp-1315.cif,CSPML_chgnet/CHGNet_relax/mp-1315\MgS_040_converged.cif,4.690415842490865e-08,19
mp-1315.cif,CSPML_chgnet/CHGNet_relax/mp-1315\MgS_041_converged.cif,1.756416897016952e-07,20
mp-1315.cif,CSPML_chgnet/CHGNet_relax/mp-1315\MgS_042_converged.cif,4.6904162207916796e-08,21
mp-1315.cif,CSPML_chgnet/CHGNet_relax/mp-1315\MgS_043_converged.cif,5.099019695706811e-08,22
mp-1315.cif,CSPML_chgnet/CHGNet_relax/mp-1315\MgS_048_converged.cif,4.433396259183898e-07,23
mp-1315.cif,CSPML_chgnet/CHGNet_relax/mp-1315\MgS_050_converged.cif,1.18110118715128e-07,24
mp-1315.cif,CSPML_chgnet/CHGNet_relax/mp-1315\MgS_052_converged.cif,1.3874437631721583e-07,25
mp-1315.cif,CSPML_chgnet/CHGNet_relax/mp-1315\MgS_053_converged.cif,2.1118713798578527e-07,26
mp-1315.cif,CSPML_chgnet/CHGNet_relax/mp-1315\MgS_054_converged.cif,3.391164992635936e-08,27
mp-1315.cif,CSPML_chgnet/CHGNet_relax/mp-1315\MgS_055_converged.cif,7.348468748475389e-08,28
mp-1315.cif,CSPML_chgnet/CHGNet_relax/mp-1315\MgS_056_converged.cif,2.3685542322793854e-06,29
mp-1315.cif,CSPML_chgnet/CHGNet_relax/mp-1315\MgS_057_converged.cif,3.9572709651266834e-07,30
mp-1315.cif,CSPML_chgnet/CHGNet_relax/mp-1315\MgS_059_converged.cif,2.449489854143478e-08,31
mp-1315.cif,CSPML_chgnet/CHGNet_relax/mp-1315\MgS_060_converged.cif,6.258192335903852e-07,32
mp-1315.cif,CSPML_chgnet/CHGNet_relax/mp-1315\MgS_061_converged.cif,1.4824301996996102e-06,33
mp-1315.cif,CSPML_chgnet/CHGNet_relax/mp-1315\MgS_064_converged.cif,1.1401754697697577e-07,34
mp-1315.cif,CSPML_chgnet/CHGNet_relax/mp-1315\MgS_065_converged.cif,5.999999546008456e-08,35
mp-1315.cif,CSPML_chgnet/CHGNet_relax/mp-1315\MgS_068_converged.cif,3.741657242301698e-08,36
mp-1315.cif,CSPML_chgnet/CHGNet_relax/mp-1315\MgS_070_converged.cif,5.656854178754965e-08,37
mp-1315.cif,CSPML_chgnet/CHGNet_relax/mp-1315\MgS_071_converged.cif,7.90822352771061e-07,38
mp-1315.cif,CSPML_chgnet/CHGNet_relax/mp-1315\MgS_072_converged.cif,9.273618783749077e-08,39
mp-1315.cif,CSPML_chgnet/CHGNet_relax/mp-1315\MgS_073_converged.cif,7.483314500701876e-08,40
mp-1315.cif,CSPML_chgnet/CHGNet_relax/mp-1315\MgS_075_converged.cif,6.002914582426974e-07,41
mp-1315.cif,CSPML_chgnet/CHGNet_relax/mp-1315\MgS_077_converged.cif,5.40460277590735e-06,42
mp-1315.cif,CSPML_chgnet/CHGNet_relax/mp-1315\MgS_078_converged.cif,9.027734677075721e-08,43
mp-1315.cif,CSPML_chgnet/CHGNet_relax/mp-1315\MgS_079_converged.cif,3.4985712680944156e-07,44
mp-1315.cif,CSPML_chgnet/CHGNet_relax/mp-1315\MgS_080_converged.cif,2.8284272267312068e-08,45
mp-1315.cif,CSPML_chgnet/CHGNet_relax/mp-1315\MgS_081_converged.cif,1.7241950604132483e-06,46
mp-1315.cif,CSPML_chgnet/CHGNet_relax/mp-1315\MgS_082_converged.cif,5.8309520646007865e-08,47
mp-1315.cif,CSPML_chgnet/CHGNet_relax/mp-1315\MgS_083_converged.cif,1.09990921751059e-06,48
mp-1315.cif,CSPML_chgnet/CHGNet_relax/mp-1315\MgS_084_converged.cif,1.3548430454890094e-06,49
mp-1315.cif,CSPML_chgnet/CHGNet_relax/mp-1315\MgS_085_converged.cif,4.619523534760146e-07,50
mp-1315.cif,CSPML_chgnet/CHGNet_relax/mp-1315\MgS_086_converged.cif,1.4696938504059643e-07,51
mp-1315.cif,CSPML_chgnet/CHGNet_relax/mp-1315\MgS_087_converged.cif,2.0576545544150435e-06,52
mp-1315.cif,CSPML_chgnet/CHGNet_relax/mp-1315\MgS_089_converged.cif,3.674234815612321e-08,53
mp-1315.cif,CSPML_chgnet/CHGNet_relax/mp-1315\MgS_091_converged.cif,9.273618302887234e-08,54
mp-1315.cif,CSPML_chgnet/CHGNet_relax/mp-1315\MgS_092_converged.cif,1.7846566862135274e-07,55
mp-1315.cif,CSPML_chgnet/CHGNet_relax/mp-1315\MgS_093_converged.cif,1.9999999685133783e-08,56
mp-1315.cif,CSPML_chgnet/CHGNet_relax/mp-1315\MgS_094_converged.cif,5.787917799360957e-07,57
mp-1315.cif,CSPML_chgnet/CHGNet_relax/mp-1315\MgS_095_converged.cif,1.4212671517167355e-07,58
mp-1315.cif,CSPML_chgnet/CHGNet_relax/mp-1315\MgS_096_converged.cif,1.8165906730645962e-07,59
mp-1315.cif,CSPML_chgnet/CHGNet_relax/mp-1315\MgS_097_converged.cif,2.3822258633203592e-07,60
mp-1315.cif,CSPML_chgnet/CHGNet_relax/mp-1315\MgS_100_converged.cif,4.623851401499955e-07,61
mp-1342.cif,CSPML_chgnet/CHGNet_relax/mp-1342\BaO_001_converged.cif,8.203352302505134e-07,1
mp-1342.cif,CSPML_chgnet/CHGNet_relax/mp-1342\BaO_002_converged.cif,2.9206162755153016e-07,2
mp-1342.cif,CSPML_chgnet/CHGNet_relax/mp-1342\BaO_003_converged.cif,1.27279226040112e-07,3
mp-1342.cif,CSPML_chgnet/CHGNet_relax/mp-1342\BaO_004_converged.cif,1.2083046193071317e-07,4
mp-1342.cif,CSPML_chgnet/CHGNet_relax/mp-1342\BaO_005_converged.cif,1.581138873764381e-08,5
mp-1342.cif,CSPML_chgnet/CHGNet_relax/mp-1342\BaO_006_converged.cif,1.6650107568257135e-06,6
mp-1342.cif,CSPML_chgnet/CHGNet_relax/mp-1342\BaO_007_converged.cif,2.228228199156118e-07,7
mp-1342.cif,CSPML_chgnet/CHGNet_relax/mp-1342\BaO_008_converged.cif,1.0999999889488168e-07,8
mp-1342.cif,CSPML_chgnet/CHGNet_relax/mp-1342\BaO_009_converged.cif,3.240369448669384e-08,9
mp-1342.cif,CSPML_chgnet/CHGNet_relax/mp-1342\BaO_010_converged.cif,2.0639764904071864e-07,10
mp-1342.cif,CSPML_chgnet/CHGNet_relax/mp-1342\BaO_011_converged.cif,7.833264163777006e-07,11
mp-1342.cif,CSPML_chgnet/CHGNet_relax/mp-1342\BaO_012_converged.cif,2.236068325068705e-08,12
mp-1342.cif,CSPML_chgnet/CHGNet_relax/mp-1342\BaO_013_converged.cif,7.582875479989181e-08,13
mp-1342.cif,CSPML_chgnet/CHGNet_relax/mp-1342\BaO_015_converged.cif,9.72110925340594e-08,14
mp-1342.cif,CSPML_chgnet/CHGNet_relax/mp-1342\BaO_016_converged.cif,8.792039873137075e-07,15
mp-1342.cif,CSPML_chgnet/CHGNet_relax/mp-1342\BaO_017_converged.cif,4.216041170058816e-07,16
mp-1342.cif,CSPML_chgnet/CHGNet_relax/mp-1342\BaO_018_converged.cif,4.047221060270871e-07,17
mp-1342.cif,CSPML_chgnet/CHGNet_relax/mp-1342\BaO_019_converged.cif,1.0885770374189828e-07,18
mp-1342.cif,CSPML_chgnet/CHGNet_relax/mp-1342\BaO_020_converged.cif,9.079922018245167e-07,19
mp-1342.cif,CSPML_chgnet/CHGNet_relax/mp-1342\BaO_021_converged.cif,9.603908355385178e-07,20
mp-1342.cif,CSPML_chgnet/CHGNet_relax/mp-1342\BaO_022_converged.cif,1.9659604808075208e-07,21
mp-1342.cif,CSPML_chgnet/CHGNet_relax/mp-1342\BaO_023_converged.cif,3.189827363686371e-07,22
mp-1342.cif,CSPML_chgnet/CHGNet_relax/mp-1342\BaO_024_converged.cif,7.838684679219695e-07,23
mp-1342.cif,CSPML_chgnet/CHGNet_relax/mp-1342\BaO_025_converged.cif,9.669540524991292e-08,24
mp-1342.cif,CSPML_chgnet/CHGNet_relax/mp-1342\BaO_026_converged.cif,4.243229855765922e-07,25
mp-1342.cif,CSPML_chgnet/CHGNet_relax/mp-1342\BaO_027_converged.cif,4.301162456304959e-08,26
mp-1342.cif,CSPML_chgnet/CHGNet_relax/mp-1342\BaO_028_converged.cif,0.0,27
mp-1342.cif,CSPML_chgnet/CHGNet_relax/mp-1342\BaO_029_converged.cif,2.7230496203314855e-07,28
mp-1342.cif,CSPML_chgnet/CHGNet_relax/mp-1342\BaO_030_converged.cif,2.883574244978765e-07,29
mp-1342.cif,CSPML_chgnet/CHGNet_relax/mp-1342\BaO_031_converged.cif,1.4672247783205533e-06,30
mp-1342.cif,CSPML_chgnet/CHGNet_relax/mp-1342\BaO_033_converged.cif,9.899494177907612e-08,31
mp-1342.cif,CSPML_chgnet/CHGNet_relax/mp-1342\BaO_034_converged.cif,1.5811386322951503e-07,32
mp-1342.cif,CSPML_chgnet/CHGNet_relax/mp-1342\BaO_035_converged.cif,2.6953666244668423e-07,33
mp-1342.cif,CSPML_chgnet/CHGNet_relax/mp-1342\BaO_036_converged.cif,5.031401599099513e-07,34
mp-1342.cif,CSPML_chgnet/CHGNet_relax/mp-1342\BaO_038_converged.cif,2.7386128848802344e-07,35
mp-1342.cif,CSPML_chgnet/CHGNet_relax/mp-1342\BaO_039_converged.cif,1.0885771508070287e-07,36
mp-1342.cif,CSPML_chgnet/CHGNet_relax/mp-1342\BaO_040_converged.cif,3.5433031990375177e-07,37
mp-1342.cif,CSPML_chgnet/CHGNet_relax/mp-1342\BaO_042_converged.cif,8.439194998726348e-07,38
mp-1342.cif,CSPML_chgnet/CHGNet_relax/mp-1342\BaO_045_converged.cif,6.077418119154263e-07,39
mp-1342.cif,CSPML_chgnet/CHGNet_relax/mp-1342\BaO_046_converged.cif,3.628360638851507e-07,40
mp-1342.cif,CSPML_chgnet/CHGNet_relax/mp-1342\BaO_047_converged.cif,4.545327358891021e-07,41
mp-1342.cif,CSPML_chgnet/CHGNet_relax/mp-1342\BaO_049_converged.cif,1.4604732143104567e-06,42
mp-1342.cif,CSPML_chgnet/CHGNet_relax/mp-1342\BaO_050_converged.cif,3.049590072227941e-07,43
mp-1342.cif,CSPML_chgnet/CHGNet_relax/mp-1342\BaO_051_converged.cif,9.328450713606394e-07,44
mp-1342.cif,CSPML_chgnet/CHGNet_relax/mp-1342\BaO_052_converged.cif,2.028546491152913e-07,45
mp-1342.cif,CSPML_chgnet/CHGNet_relax/mp-1342\BaO_053_converged.cif,9.121403642730558e-07,46
mp-1342.cif,CSPML_chgnet/CHGNet_relax/mp-1342\BaO_054_converged.cif,2.7495456622367583e-07,47
mp-1342.cif,CSPML_chgnet/CHGNet_relax/mp-1342\BaO_055_converged.cif,8.602325244526467e-08,48
mp-1342.cif,CSPML_chgnet/CHGNet_relax/mp-1342\BaO_056_converged.cif,8.21583866716505e-08,49
mp-1342.cif,CSPML_chgnet/CHGNet_relax/mp-1342\BaO_058_converged.cif,7.348468656051684e-08,50
mp-1342.cif,CSPML_chgnet/CHGNet_relax/mp-1342\BaO_059_converged.cif,8.206093528160018e-07,51
mp-1342.cif,CSPML_chgnet/CHGNet_relax/mp-1342\BaO_060_converged.cif,7.008919780321978e-07,52
mp-1342.cif,CSPML_chgnet/CHGNet_relax/mp-1342\BaO_061_converged.cif,2.449490001645915e-08,53
mp-1342.cif,CSPML_chgnet/CHGNet_relax/mp-1342\BaO_062_converged.cif,1.2569805230301335e-07,54
mp-1342.cif,CSPML_chgnet/CHGNet_relax/mp-1342\BaO_064_converged.cif,2.536730587490471e-07,55
mp-1342.cif,CSPML_chgnet/CHGNet_relax/mp-1342\BaO_066_converged.cif,8.485281661245397e-08,56
mp-1342.cif,CSPML_chgnet/CHGNet_relax/mp-1342\BaO_067_converged.cif,1.208304659492876e-07,57
mp-1342.cif,CSPML_chgnet/CHGNet_relax/mp-1342\BaO_068_converged.cif,7.874008079982174e-08,58
mp-1342.cif,CSPML_chgnet/CHGNet_relax/mp-1342\BaO_069_converged.cif,2.8913661733278354e-07,59
mp-1342.cif,CSPML_chgnet/CHGNet_relax/mp-1342\BaO_071_converged.cif,5.704822936724276e-07,60
mp-1342.cif,CSPML_chgnet/CHGNet_relax/mp-1342\BaO_072_converged.cif,3.1843359559774585e-07,61
mp-1342.cif,CSPML_chgnet/CHGNet_relax/mp-1342\BaO_073_converged.cif,1.4212670537109713e-07,62
mp-1342.cif,CSPML_chgnet/CHGNet_relax/mp-1342\BaO_074_converged.cif,5.801724116166905e-07,63
mp-1342.cif,CSPML_chgnet/CHGNet_relax/mp-1342\BaO_078_converged.cif,1.944222342856004e-07,64
mp-1342.cif,CSPML_chgnet/CHGNet_relax/mp-1342\BaO_079_converged.cif,2.857446193804601e-07,65
mp-1342.cif,CSPML_chgnet/CHGNet_relax/mp-1342\BaO_080_converged.cif,7.558769471188516e-07,66
mp-1342.cif,CSPML_chgnet/CHGNet_relax/mp-1342\BaO_081_converged.cif,6.070008685326705e-07,67
mp-1342.cif,CSPML_chgnet/CHGNet_relax/mp-1342\BaO_082_converged.cif,4.84767992825708e-08,68
mp-1342.cif,CSPML_chgnet/CHGNet_relax/mp-1342\BaO_086_converged.cif,3.3440238140013424e-06,69
mp-1342.cif,CSPML_chgnet/CHGNet_relax/mp-1342\BaO_088_converged.cif,1.157583650405951e-07,70
mp-1342.cif,CSPML_chgnet/CHGNet_relax/mp-1342\BaO_089_converged.cif,1.902629728406028e-07,71
mp-1342.cif,CSPML_chgnet/CHGNet_relax/mp-1342\BaO_091_converged.cif,2.955503482100675e-07,72
mp-1342.cif,CSPML_chgnet/CHGNet_relax/mp-1342\BaO_092_converged.cif,1.5297059149396653e-07,73
mp-1342.cif,CSPML_chgnet/CHGNet_relax/mp-1342\BaO_094_converged.cif,5.704383315107841e-07,74
mp-1342.cif,CSPML_chgnet/CHGNet_relax/mp-1342\BaO_095_converged.cif,3.5440090787427337e-07,75
mp-1342.cif,CSPML_chgnet/CHGNet_relax/mp-1342\BaO_096_converged.cif,1.6792856012707648e-07,76
mp-1342.cif,CSPML_chgnet/CHGNet_relax/mp-1342\BaO_097_converged.cif,1.392838686033352e-07,77
mp-1342.cif,CSPML_chgnet/CHGNet_relax/mp-1342\BaO_099_converged.cif,3.043024611319179e-07,78
mp-1342.cif,CSPML_chgnet/CHGNet_relax/mp-1342\BaO_100_converged.cif,5.424021117017197e-07,79
mp-149.cif,CSPML_chgnet/CHGNet_relax/mp-149\Si_015_converged.cif,2.915476141864548e-08,1
mp-149.cif,CSPML_chgnet/CHGNet_relax/mp-149\Si_037_converged.cif,4.2426405525934965e-08,2
mp-1500.cif,CSPML_chgnet/CHGNet_relax/mp-1500\BaS_001_converged.cif,4.0620189517451944e-08,1
mp-1500.cif,CSPML_chgnet/CHGNet_relax/mp-1500\BaS_002_converged.cif,1.4142135939982452e-08,2
mp-1500.cif,CSPML_chgnet/CHGNet_relax/mp-1500\BaS_003_converged.cif,8.246211840872619e-08,3
mp-1500.cif,CSPML_chgnet/CHGNet_relax/mp-1500\BaS_004_converged.cif,1.8384774252301916e-07,4
mp-1500.cif,CSPML_chgnet/CHGNet_relax/mp-1500\BaS_005_converged.cif,9.24661998914291e-08,5
mp-1500.cif,CSPML_chgnet/CHGNet_relax/mp-1500\BaS_006_converged.cif,2.549509671640528e-08,6
mp-1500.cif,CSPML_chgnet/CHGNet_relax/mp-1500\BaS_007_converged.cif,1.5411034248875433e-07,7
mp-1500.cif,CSPML_chgnet/CHGNet_relax/mp-1500\BaS_008_converged.cif,3.391165451234372e-08,8
mp-1500.cif,CSPML_chgnet/CHGNet_relax/mp-1500\BaS_009_converged.cif,2.3790755392145073e-07,9
mp-1500.cif,CSPML_chgnet/CHGNet_relax/mp-1500\BaS_011_converged.cif,4.123105767055421e-08,10
mp-1500.cif,CSPML_chgnet/CHGNet_relax/mp-1500\BaS_012_converged.cif,1.4142136189351119e-08,11
mp-1500.cif,CSPML_chgnet/CHGNet_relax/mp-1500\BaS_013_converged.cif,3.128098694268267e-07,12
mp-1500.cif,CSPML_chgnet/CHGNet_relax/mp-1500\BaS_014_converged.cif,2.486965793863772e-07,13
mp-1500.cif,CSPML_chgnet/CHGNet_relax/mp-1500\BaS_016_converged.cif,6.041523529131122e-08,14
mp-1500.cif,CSPML_chgnet/CHGNet_relax/mp-1500\BaS_017_converged.cif,3.937004042904256e-08,15
mp-1500.cif,CSPML_chgnet/CHGNet_relax/mp-1500\BaS_018_converged.cif,1.5811388609236676e-08,16
mp-1500.cif,CSPML_chgnet/CHGNet_relax/mp-1500\BaS_019_converged.cif,6.745368452599591e-08,17
mp-1500.cif,CSPML_chgnet/CHGNet_relax/mp-1500\BaS_020_converged.cif,3.1622782535103334e-07,18
mp-1500.cif,CSPML_chgnet/CHGNet_relax/mp-1500\BaS_021_converged.cif,2.5495097531386022e-08,19
mp-1500.cif,CSPML_chgnet/CHGNet_relax/mp-1500\BaS_022_converged.cif,2.298912853104516e-07,20
mp-1500.cif,CSPML_chgnet/CHGNet_relax/mp-1500\BaS_023_converged.cif,5.8309521979324763e-08,21
mp-1500.cif,CSPML_chgnet/CHGNet_relax/mp-1500\BaS_024_converged.cif,2.0976175035824447e-07,22
mp-1500.cif,CSPML_chgnet/CHGNet_relax/mp-1500\BaS_025_converged.cif,4.7434166499405504e-08,23
mp-1500.cif,CSPML_chgnet/CHGNet_relax/mp-1500\BaS_026_converged.cif,4.690415688341879e-08,24
mp-1500.cif,CSPML_chgnet/CHGNet_relax/mp-1500\BaS_027_converged.cif,1.349073557338512e-07,25
mp-1500.cif,CSPML_chgnet/CHGNet_relax/mp-1500\BaS_028_converged.cif,1.1401755073081089e-07,26
mp-1500.cif,CSPML_chgnet/CHGNet_relax/mp-1500\BaS_029_converged.cif,1.1113055796669479e-07,27
mp-1500.cif,CSPML_chgnet/CHGNet_relax/mp-1500\BaS_030_converged.cif,4.2071367308864904e-07,28
mp-1500.cif,CSPML_chgnet/CHGNet_relax/mp-1500\BaS_031_converged.cif,9.744623152038317e-17,29
mp-1500.cif,CSPML_chgnet/CHGNet_relax/mp-1500\BaS_033_converged.cif,2.1633304682949385e-07,30
mp-1500.cif,CSPML_chgnet/CHGNet_relax/mp-1500\BaS_034_converged.cif,1.0511898438536408e-07,31
mp-1500.cif,CSPML_chgnet/CHGNet_relax/mp-1500\BaS_035_converged.cif,2.828427206438497e-08,32
mp-1500.cif,CSPML_chgnet/CHGNet_relax/mp-1500\BaS_036_converged.cif,2.2671570193175335e-07,33
mp-1500.cif,CSPML_chgnet/CHGNet_relax/mp-1500\BaS_037_converged.cif,3.1654380819648835e-07,34
mp-1500.cif,CSPML_chgnet/CHGNet_relax/mp-1500\BaS_038_converged.cif,2.1816571301690035e-16,35
mp-1500.cif,CSPML_chgnet/CHGNet_relax/mp-1500\BaS_039_converged.cif,4.847679420437201e-08,36
mp-1500.cif,CSPML_chgnet/CHGNet_relax/mp-1500\BaS_041_converged.cif,4.242640777081792e-08,37
mp-1500.cif,CSPML_chgnet/CHGNet_relax/mp-1500\BaS_042_converged.cif,2.0000000806475812e-08,38
mp-1500.cif,CSPML_chgnet/CHGNet_relax/mp-1500\BaS_043_converged.cif,2.1814973458230437e-16,39
mp-1500.cif,CSPML_chgnet/CHGNet_relax/mp-1500\BaS_044_converged.cif,2.3452077220166384e-08,40
mp-1500.cif,CSPML_chgnet/CHGNet_relax/mp-1500\BaS_045_converged.cif,3.0822068026327754e-08,41
mp-1500.cif,CSPML_chgnet/CHGNet_relax/mp-1500\BaS_046_converged.cif,5.8736709210001836e-08,42
mp-1500.cif,CSPML_chgnet/CHGNet_relax/mp-1500\BaS_047_converged.cif,2.5806978588422664e-07,43
mp-1500.cif,CSPML_chgnet/CHGNet_relax/mp-1500\BaS_048_converged.cif,4.242640141487627e-08,44
mp-1500.cif,CSPML_chgnet/CHGNet_relax/mp-1500\BaS_049_converged.cif,1.9999999589518937e-08,45
mp-1500.cif,CSPML_chgnet/CHGNet_relax/mp-1500\BaS_050_converged.cif,1.539259072733355e-16,46
mp-1500.cif,CSPML_chgnet/CHGNet_relax/mp-1500\BaS_053_converged.cif,2.0346990231162419e-07,47
mp-1500.cif,CSPML_chgnet/CHGNet_relax/mp-1500\BaS_054_converged.cif,4.472135629443343e-08,48
mp-1500.cif,CSPML_chgnet/CHGNet_relax/mp-1500\BaS_055_converged.cif,5.5226802867066976e-08,49
mp-1500.cif,CSPML_chgnet/CHGNet_relax/mp-1500\BaS_056_converged.cif,1.0488087928557996e-07,50
mp-1500.cif,CSPML_chgnet/CHGNet_relax/mp-1500\BaS_057_converged.cif,1.4142136010470122e-08,51
mp-1500.cif,CSPML_chgnet/CHGNet_relax/mp-1500\BaS_058_converged.cif,1.0488088430708792e-07,52
mp-1500.cif,CSPML_chgnet/CHGNet_relax/mp-1500\BaS_060_converged.cif,1.39104271718847e-07,53
mp-1500.cif,CSPML_chgnet/CHGNet_relax/mp-1500\BaS_061_converged.cif,1.944222108514299e-07,54
mp-1500.cif,CSPML_chgnet/CHGNet_relax/mp-1500\BaS_063_converged.cif,9.021113950008448e-09,55
mp-1500.cif,CSPML_chgnet/CHGNet_relax/mp-1500\BaS_064_converged.cif,4.898979559176107e-08,56
mp-1500.cif,CSPML_chgnet/CHGNet_relax/mp-1500\BaS_065_converged.cif,3.5242018506953935e-07,57
mp-1500.cif,CSPML_chgnet/CHGNet_relax/mp-1500\BaS_066_converged.cif,1.4142134520913986e-08,58
mp-1500.cif,CSPML_chgnet/CHGNet_relax/mp-1500\BaS_067_converged.cif,1.4193348231684576e-16,59
mp-1500.cif,CSPML_chgnet/CHGNet_relax/mp-1500\BaS_068_converged.cif,1.1510863895207685e-07,60
mp-1500.cif,CSPML_chgnet/CHGNet_relax/mp-1500\BaS_069_converged.cif,2.0000000694731696e-08,61
mp-1500.cif,CSPML_chgnet/CHGNet_relax/mp-1500\BaS_071_converged.cif,1.0124228030832683e-07,62
mp-1500.cif,CSPML_chgnet/CHGNet_relax/mp-1500\BaS_072_converged.cif,1.4142135807178323e-08,63
mp-1500.cif,CSPML_chgnet/CHGNet_relax/mp-1500\BaS_074_converged.cif,1.1999999986461593e-07,64
mp-1500.cif,CSPML_chgnet/CHGNet_relax/mp-1500\BaS_075_converged.cif,2.7964265904834456e-07,65
mp-1500.cif,CSPML_chgnet/CHGNet_relax/mp-1500\BaS_076_converged.cif,1.3780065782735878e-16,66
mp-1500.cif,CSPML_chgnet/CHGNet_relax/mp-1500\BaS_077_converged.cif,1.0770330835361411e-07,67
mp-1500.cif,CSPML_chgnet/CHGNet_relax/mp-1500\BaS_078_converged.cif,1.4192612505513036e-16,68
mp-1500.cif,CSPML_chgnet/CHGNet_relax/mp-1500\BaS_079_converged.cif,5.787918589991229e-08,69
mp-1500.cif,CSPML_chgnet/CHGNet_relax/mp-1500\BaS_080_converged.cif,1.4142136674193451e-08,70
mp-1500.cif,CSPML_chgnet/CHGNet_relax/mp-1500\BaS_081_converged.cif,3.162277777044694e-08,71
mp-1500.cif,CSPML_chgnet/CHGNet_relax/mp-1500\BaS_082_converged.cif,5.477226061709404e-08,72
mp-1500.cif,CSPML_chgnet/CHGNet_relax/mp-1500\BaS_083_converged.cif,4.4271890835426993e-07,73
mp-1500.cif,CSPML_chgnet/CHGNet_relax/mp-1500\BaS_085_converged.cif,1.2247448841348259e-08,74
mp-1500.cif,CSPML_chgnet/CHGNet_relax/mp-1500\BaS_086_converged.cif,2.1644860801117762e-07,75
mp-1500.cif,CSPML_chgnet/CHGNet_relax/mp-1500\BaS_087_converged.cif,9.35414355145249e-08,76
mp-1500.cif,CSPML_chgnet/CHGNet_relax/mp-1500\BaS_088_converged.cif,4.472136246173126e-08,77
mp-1500.cif,CSPML_chgnet/CHGNet_relax/mp-1500\BaS_089_converged.cif,2.3366645016507633e-07,78
mp-1500.cif,CSPML_chgnet/CHGNet_relax/mp-1500\BaS_090_converged.cif,1.414213604312706e-08,79
mp-1500.cif,CSPML_chgnet/CHGNet_relax/mp-1500\BaS_092_converged.cif,0.002062255838243885,80
mp-1500.cif,CSPML_chgnet/CHGNet_relax/mp-1500\BaS_093_converged.cif,4.7026592722337263e-07,81
mp-1500.cif,CSPML_chgnet/CHGNet_relax/mp-1500\BaS_094_converged.cif,4.5276927558078803e-08,82
mp-1500.cif,CSPML_chgnet/CHGNet_relax/mp-1500\BaS_096_converged.cif,3.741657631100101e-08,83
mp-1500.cif,CSPML_chgnet/CHGNet_relax/mp-1500\BaS_097_converged.cif,1.7790445392846154e-07,84
mp-1500.cif,CSPML_chgnet/CHGNet_relax/mp-1500\BaS_098_converged.cif,1.7832554247894396e-07,85
mp-1500.cif,CSPML_chgnet/CHGNet_relax/mp-1500\BaS_099_converged.cif,1.414213637804911e-08,86
mp-1500.cif,CSPML_chgnet/CHGNet_relax/mp-1500\BaS_100_converged.cif,2.2059229283844337e-16,87
mp-1672.cif,CSPML_chgnet/CHGNet_relax/mp-1672\CaS_001_converged.cif,3.869108264402752e-07,1
mp-1672.cif,CSPML_chgnet/CHGNet_relax/mp-1672\CaS_002_converged.cif,4.1376325549900217e-07,2
mp-1672.cif,CSPML_chgnet/CHGNet_relax/mp-1672\CaS_003_converged.cif,4.500555627062139e-07,3
mp-1672.cif,CSPML_chgnet/CHGNet_relax/mp-1672\CaS_004_converged.cif,2.9538115644329093e-07,4
mp-1672.cif,CSPML_chgnet/CHGNet_relax/mp-1672\CaS_005_converged.cif,1.0295628950996949e-07,5
mp-1672.cif,CSPML_chgnet/CHGNet_relax/mp-1672\CaS_006_converged.cif,4.0527765603178656e-07,6
mp-1672.cif,CSPML_chgnet/CHGNet_relax/mp-1672\CaS_007_converged.cif,8.712920818748069e-07,7
mp-1672.cif,CSPML_chgnet/CHGNet_relax/mp-1672\CaS_008_converged.cif,1.0770328584540178e-07,8
mp-1672.cif,CSPML_chgnet/CHGNet_relax/mp-1672\CaS_009_converged.cif,1.0101979732811042e-06,9
mp-1672.cif,CSPML_chgnet/CHGNet_relax/mp-1672\CaS_010_converged.cif,5.83095127446328e-08,10
mp-1672.cif,CSPML_chgnet/CHGNet_relax/mp-1672\CaS_011_converged.cif,2.4494894136868833e-08,11
mp-1672.cif,CSPML_chgnet/CHGNet_relax/mp-1672\CaS_012_converged.cif,2.7239672039024607e-07,12
mp-1672.cif,CSPML_chgnet/CHGNet_relax/mp-1672\CaS_013_converged.cif,7.741123328716814e-07,13
mp-1672.cif,CSPML_chgnet/CHGNet_relax/mp-1672\CaS_014_converged.cif,1.7029384470233576e-07,14
mp-1672.cif,CSPML_chgnet/CHGNet_relax/mp-1672\CaS_015_converged.cif,1.7762319221228185e-07,15
mp-1672.cif,CSPML_chgnet/CHGNet_relax/mp-1672\CaS_016_converged.cif,8.944272252593983e-08,16
mp-1672.cif,CSPML_chgnet/CHGNet_relax/mp-1672\CaS_017_converged.cif,8.677557257335244e-07,17
mp-1672.cif,CSPML_chgnet/CHGNet_relax/mp-1672\CaS_018_converged.cif,6.892023677090371e-08,18
mp-1672.cif,CSPML_chgnet/CHGNet_relax/mp-1672\CaS_019_converged.cif,1.726267667267759e-07,19
mp-1672.cif,CSPML_chgnet/CHGNet_relax/mp-1672\CaS_020_converged.cif,3.914714641843664e-07,20
mp-1672.cif,CSPML_chgnet/CHGNet_relax/mp-1672\CaS_021_converged.cif,8.246210122529222e-08,21
mp-1672.cif,CSPML_chgnet/CHGNet_relax/mp-1672\CaS_023_converged.cif,3.807886980255335e-08,22
mp-1672.cif,CSPML_chgnet/CHGNet_relax/mp-1672\CaS_024_converged.cif,1.667333438628435e-07,23
mp-1672.cif,CSPML_chgnet/CHGNet_relax/mp-1672\CaS_025_converged.cif,7.009992934108196e-07,24
mp-1672.cif,CSPML_chgnet/CHGNet_relax/mp-1672\CaS_026_converged.cif,8.967722018874329e-07,25
mp-1672.cif,CSPML_chgnet/CHGNet_relax/mp-1672\CaS_027_converged.cif,1.9326149298157575e-07,26
mp-1672.cif,CSPML_chgnet/CHGNet_relax/mp-1672\CaS_028_converged.cif,2.731300327981151e-07,27
mp-1672.cif,CSPML_chgnet/CHGNet_relax/mp-1672\CaS_029_converged.cif,4.777552119445495e-07,28
mp-1672.cif,CSPML_chgnet/CHGNet_relax/mp-1672\CaS_030_converged.cif,7.394255378221292e-07,29
mp-1672.cif,CSPML_chgnet/CHGNet_relax/mp-1672\CaS_031_converged.cif,1.423025089861012e-07,30
mp-1672.cif,CSPML_chgnet/CHGNet_relax/mp-1672\CaS_032_converged.cif,4.2071372133573745e-07,31
mp-1672.cif,CSPML_chgnet/CHGNet_relax/mp-1672\CaS_033_converged.cif,9.183683851152838e-07,32
mp-1672.cif,CSPML_chgnet/CHGNet_relax/mp-1672\CaS_034_converged.cif,3.397057725206117e-07,33
mp-1672.cif,CSPML_chgnet/CHGNet_relax/mp-1672\CaS_035_converged.cif,5.888972780841241e-07,34
mp-1672.cif,CSPML_chgnet/CHGNet_relax/mp-1672\CaS_036_converged.cif,4.2426404472500034e-08,35
mp-1672.cif,CSPML_chgnet/CHGNet_relax/mp-1672\CaS_037_converged.cif,2.412468005007094e-07,36
mp-1672.cif,CSPML_chgnet/CHGNet_relax/mp-1672\CaS_038_converged.cif,7.885430437032185e-07,37
mp-1672.cif,CSPML_chgnet/CHGNet_relax/mp-1672\CaS_039_converged.cif,2.5495100206404625e-07,38
mp-1672.cif,CSPML_chgnet/CHGNet_relax/mp-1672\CaS_040_converged.cif,8.717796264185495e-08,39
mp-1672.cif,CSPML_chgnet/CHGNet_relax/mp-1672\CaS_041_converged.cif,3.2155870876232907e-07,40
mp-1672.cif,CSPML_chgnet/CHGNet_relax/mp-1672\CaS_042_converged.cif,4.905100093084488e-07,41
mp-1672.cif,CSPML_chgnet/CHGNet_relax/mp-1672\CaS_043_converged.cif,2.6009611693940697e-07,42
mp-1672.cif,CSPML_chgnet/CHGNet_relax/mp-1672\CaS_044_converged.cif,4.5497252672967834e-07,43
mp-1672.cif,CSPML_chgnet/CHGNet_relax/mp-1672\CaS_046_converged.cif,4.0963395965252614e-07,44
mp-1672.cif,CSPML_chgnet/CHGNet_relax/mp-1672\CaS_047_converged.cif,3.187475585673442e-07,45
mp-1672.cif,CSPML_chgnet/CHGNet_relax/mp-1672\CaS_048_converged.cif,2.8705394880372854e-07,46
mp-1672.cif,CSPML_chgnet/CHGNet_relax/mp-1672\CaS_049_converged.cif,7.874007888659968e-08,47
mp-1672.cif,CSPML_chgnet/CHGNet_relax/mp-1672\CaS_051_converged.cif,6.004997493693585e-07,48
mp-1672.cif,CSPML_chgnet/CHGNet_relax/mp-1672\CaS_052_converged.cif,5.628498054578876e-07,49
mp-1672.cif,CSPML_chgnet/CHGNet_relax/mp-1672\CaS_053_converged.cif,9.273618300209869e-08,50
mp-1672.cif,CSPML_chgnet/CHGNet_relax/mp-1672\CaS_054_converged.cif,9.617692312430844e-08,51
mp-1672.cif,CSPML_chgnet/CHGNet_relax/mp-1672\CaS_055_converged.cif,4.847679321257243e-08,52
mp-1672.cif,CSPML_chgnet/CHGNet_relax/mp-1672\CaS_056_converged.cif,1.1575838393016593e-07,53
mp-1672.cif,CSPML_chgnet/CHGNet_relax/mp-1672\CaS_057_converged.cif,4.242640478670808e-08,54
mp-1672.cif,CSPML_chgnet/CHGNet_relax/mp-1672\CaS_058_converged.cif,6.480739899045927e-08,55
mp-1672.cif,CSPML_chgnet/CHGNet_relax/mp-1672\CaS_060_converged.cif,3.901364719590993e-16,56
mp-1672.cif,CSPML_chgnet/CHGNet_relax/mp-1672\CaS_061_converged.cif,2.738613004076416e-08,57
mp-1672.cif,CSPML_chgnet/CHGNet_relax/mp-1672\CaS_062_converged.cif,6.613621425014787e-07,58
mp-1672.cif,CSPML_chgnet/CHGNet_relax/mp-1672\CaS_063_converged.cif,3.6249138439897534e-07,59
mp-1672.cif,CSPML_chgnet/CHGNet_relax/mp-1672\CaS_065_converged.cif,6.164414654472172e-08,60
mp-1672.cif,CSPML_chgnet/CHGNet_relax/mp-1672\CaS_066_converged.cif,5.409251656581995e-07,61
mp-1672.cif,CSPML_chgnet/CHGNet_relax/mp-1672\CaS_067_converged.cif,3.309833909718465e-07,62
mp-1672.cif,CSPML_chgnet/CHGNet_relax/mp-1672\CaS_070_converged.cif,1.7088004845008524e-07,63
mp-1672.cif,CSPML_chgnet/CHGNet_relax/mp-1672\CaS_071_converged.cif,1.4352699756854959e-07,64
mp-1672.cif,CSPML_chgnet/CHGNet_relax/mp-1672\CaS_072_converged.cif,3.402178915228503e-16,65
mp-1672.cif,CSPML_chgnet/CHGNet_relax/mp-1672\CaS_074_converged.cif,2.570019718824275e-07,66
mp-1672.cif,CSPML_chgnet/CHGNet_relax/mp-1672\CaS_075_converged.cif,4.2801864826113704e-07,67
mp-1672.cif,CSPML_chgnet/CHGNet_relax/mp-1672\CaS_076_converged.cif,2.738612456417764e-07,68
mp-1672.cif,CSPML_chgnet/CHGNet_relax/mp-1672\CaS_078_converged.cif,2.789264918398889e-07,69
mp-1672.cif,CSPML_chgnet/CHGNet_relax/mp-1672\CaS_079_converged.cif,2.473863038524607e-07,70
mp-1672.cif,CSPML_chgnet/CHGNet_relax/mp-1672\CaS_080_converged.cif,2.0832668540925904e-07,71
mp-1672.cif,CSPML_chgnet/CHGNet_relax/mp-1672\CaS_081_converged.cif,3.162277751128224e-08,72
mp-1672.cif,CSPML_chgnet/CHGNet_relax/mp-1672\CaS_082_converged.cif,7.874006994913574e-08,73
mp-1672.cif,CSPML_chgnet/CHGNet_relax/mp-1672\CaS_083_converged.cif,2.4617067550709147e-07,74
mp-1672.cif,CSPML_chgnet/CHGNet_relax/mp-1672\CaS_085_converged.cif,8.602326441088428e-08,75
mp-1672.cif,CSPML_chgnet/CHGNet_relax/mp-1672\CaS_086_converged.cif,5.015974356246509e-07,76
mp-1672.cif,CSPML_chgnet/CHGNet_relax/mp-1672\CaS_088_converged.cif,8.246211766689985e-08,77
mp-1672.cif,CSPML_chgnet/CHGNet_relax/mp-1672\CaS_090_converged.cif,5.368893312334747e-07,78
mp-1672.cif,CSPML_chgnet/CHGNet_relax/mp-1672\CaS_091_converged.cif,2.517935953910026e-07,79
mp-1672.cif,CSPML_chgnet/CHGNet_relax/mp-1672\CaS_092_converged.cif,4.319723038627181e-07,80
mp-1672.cif,CSPML_chgnet/CHGNet_relax/mp-1672\CaS_093_converged.cif,7.3484687960307e-08,81
mp-1672.cif,CSPML_chgnet/CHGNet_relax/mp-1672\CaS_094_converged.cif,4.6904162350216386e-08,82
mp-1672.cif,CSPML_chgnet/CHGNet_relax/mp-1672\CaS_095_converged.cif,2.3622020969723816e-07,83
mp-1672.cif,CSPML_chgnet/CHGNet_relax/mp-1672\CaS_096_converged.cif,7.999999889074469e-08,84
mp-1672.cif,CSPML_chgnet/CHGNet_relax/mp-1672\CaS_097_converged.cif,3.7416568245389e-08,85
mp-1672.cif,CSPML_chgnet/CHGNet_relax/mp-1672\CaS_098_converged.cif,8.246211762342814e-08,86
mp-1672.cif,CSPML_chgnet/CHGNet_relax/mp-1672\CaS_099_converged.cif,5.099020116011892e-08,87
mp-1672.cif,CSPML_chgnet/CHGNet_relax/mp-1672\CaS_100_converged.cif,4.1737264059664766e-07,88
mp-1784.cif,CSPML_chgnet/CHGNet_relax/mp-1784\CsF_002_converged.cif,7.071067407824467e-09,1
mp-1784.cif,CSPML_chgnet/CHGNet_relax/mp-1784\CsF_003_converged.cif,1.6018475391767327e-08,2
mp-1784.cif,CSPML_chgnet/CHGNet_relax/mp-1784\CsF_004_converged.cif,5.443803730415148e-07,3
mp-1784.cif,CSPML_chgnet/CHGNet_relax/mp-1784\CsF_005_converged.cif,1.414213576684491e-08,4
mp-1784.cif,CSPML_chgnet/CHGNet_relax/mp-1784\CsF_006_converged.cif,3.8652298465361125e-07,5
mp-1784.cif,CSPML_chgnet/CHGNet_relax/mp-1784\CsF_008_converged.cif,2.9154759142808515e-08,6
mp-1784.cif,CSPML_chgnet/CHGNet_relax/mp-1784\CsF_009_converged.cif,3.151983465638968e-07,7
mp-1784.cif,CSPML_chgnet/CHGNet_relax/mp-1784\CsF_010_converged.cif,5.8736709314714425e-08,8
mp-1784.cif,CSPML_chgnet/CHGNet_relax/mp-1784\CsF_011_converged.cif,2.761339531051578e-07,9
mp-1784.cif,CSPML_chgnet/CHGNet_relax/mp-1784\CsF_012_converged.cif,5.099019822555936e-08,10
mp-1784.cif,CSPML_chgnet/CHGNet_relax/mp-1784\CsF_013_converged.cif,7.842193806883092e-08,11
mp-1784.cif,CSPML_chgnet/CHGNet_relax/mp-1784\CsF_014_converged.cif,2.8844407263900945e-07,12
mp-1784.cif,CSPML_chgnet/CHGNet_relax/mp-1784\CsF_015_converged.cif,2.6786189323418105e-07,13
mp-1784.cif,CSPML_chgnet/CHGNet_relax/mp-1784\CsF_016_converged.cif,7.071067898900692e-09,14
mp-1784.cif,CSPML_chgnet/CHGNet_relax/mp-1784\CsF_017_converged.cif,1.365650081886389e-07,15
mp-1784.cif,CSPML_chgnet/CHGNet_relax/mp-1784\CsF_019_converged.cif,3.104834884632519e-07,16
mp-1784.cif,CSPML_chgnet/CHGNet_relax/mp-1784\CsF_020_converged.cif,1.999999761116277e-08,17
mp-1784.cif,CSPML_chgnet/CHGNet_relax/mp-1784\CsF_021_converged.cif,3.1622779850496204e-08,18
mp-1784.cif,CSPML_chgnet/CHGNet_relax/mp-1784\CsF_023_converged.cif,4.7513157453298123e-07,19
mp-1784.cif,CSPML_chgnet/CHGNet_relax/mp-1784\CsF_024_converged.cif,4.4288824186483413e-07,20
mp-1784.cif,CSPML_chgnet/CHGNet_relax/mp-1784\CsF_025_converged.cif,1.2152812980729108e-07,21
mp-1784.cif,CSPML_chgnet/CHGNet_relax/mp-1784\CsF_026_converged.cif,3.2488460348345825e-07,22
mp-1784.cif,CSPML_chgnet/CHGNet_relax/mp-1784\CsF_027_converged.cif,9.273618802530906e-08,23
mp-1784.cif,CSPML_chgnet/CHGNet_relax/mp-1784\CsF_028_converged.cif,2.0087311634896481e-07,24
mp-1784.cif,CSPML_chgnet/CHGNet_relax/mp-1784\CsF_029_converged.cif,1.343502872066278e-07,25
mp-1784.cif,CSPML_chgnet/CHGNet_relax/mp-1784\CsF_030_converged.cif,4.0329886885991334e-07,26
mp-1784.cif,CSPML_chgnet/CHGNet_relax/mp-1784\CsF_031_converged.cif,2.77128125399943e-07,27
mp-1784.cif,CSPML_chgnet/CHGNet_relax/mp-1784\CsF_034_converged.cif,1.124722238617767e-07,28
mp-1784.cif,CSPML_chgnet/CHGNet_relax/mp-1784\CsF_035_converged.cif,1.4623784210577941e-16,29
mp-1784.cif,CSPML_chgnet/CHGNet_relax/mp-1784\CsF_036_converged.cif,7.948899179736494e-07,30
mp-1784.cif,CSPML_chgnet/CHGNet_relax/mp-1784\CsF_038_converged.cif,1.301921558378147e-07,31
mp-1784.cif,CSPML_chgnet/CHGNet_relax/mp-1784\CsF_039_converged.cif,3.237282963019286e-07,32
mp-1784.cif,CSPML_chgnet/CHGNet_relax/mp-1784\CsF_041_converged.cif,2.914617914622882e-07,33
mp-1784.cif,CSPML_chgnet/CHGNet_relax/mp-1784\CsF_042_converged.cif,7.080607635203833e-07,34
mp-1784.cif,CSPML_chgnet/CHGNet_relax/mp-1784\CsF_043_converged.cif,6.51920280654127e-08,35
mp-1784.cif,CSPML_chgnet/CHGNet_relax/mp-1784\CsF_044_converged.cif,1.1452794274258537e-07,36
mp-1784.cif,CSPML_chgnet/CHGNet_relax/mp-1784\CsF_045_converged.cif,4.242640267989636e-08,37
mp-1784.cif,CSPML_chgnet/CHGNet_relax/mp-1784\CsF_046_converged.cif,4.6005432456116426e-07,38
mp-1784.cif,CSPML_chgnet/CHGNet_relax/mp-1784\CsF_047_converged.cif,2.0149440331835294e-07,39
mp-1784.cif,CSPML_chgnet/CHGNet_relax/mp-1784\CsF_050_converged.cif,1.6755410124120283e-16,40
mp-1784.cif,CSPML_chgnet/CHGNet_relax/mp-1784\CsF_051_converged.cif,4.6368085990225703e-07,41
mp-1784.cif,CSPML_chgnet/CHGNet_relax/mp-1784\CsF_054_converged.cif,1.4142135246490975e-08,42
mp-1784.cif,CSPML_chgnet/CHGNet_relax/mp-1784\CsF_055_converged.cif,2.1213203301079067e-08,43
mp-1784.cif,CSPML_chgnet/CHGNet_relax/mp-1784\CsF_056_converged.cif,3.741657121054618e-08,44
mp-1784.cif,CSPML_chgnet/CHGNet_relax/mp-1784\CsF_057_converged.cif,2.3155819612188676e-16,45
mp-1784.cif,CSPML_chgnet/CHGNet_relax/mp-1784\CsF_058_converged.cif,5.288194483135686e-07,46
mp-1784.cif,CSPML_chgnet/CHGNet_relax/mp-1784\CsF_059_converged.cif,1.194227045841356e-07,47
mp-1784.cif,CSPML_chgnet/CHGNet_relax/mp-1784\CsF_060_converged.cif,3.741657459078671e-08,48
mp-1784.cif,CSPML_chgnet/CHGNet_relax/mp-1784\CsF_061_converged.cif,2.7748873400292316e-07,49
mp-1784.cif,CSPML_chgnet/CHGNet_relax/mp-1784\CsF_062_converged.cif,3.1248998155690404e-07,50
mp-1784.cif,CSPML_chgnet/CHGNet_relax/mp-1784\CsF_063_converged.cif,7.483314854367448e-08,51
mp-1784.cif,CSPML_chgnet/CHGNet_relax/mp-1784\CsF_065_converged.cif,8.573214307499135e-08,52
mp-1784.cif,CSPML_chgnet/CHGNet_relax/mp-1784\CsF_067_converged.cif,6.243401194101886e-07,53
mp-1784.cif,CSPML_chgnet/CHGNet_relax/mp-1784\CsF_069_converged.cif,1.0488089326623051e-07,54
mp-1784.cif,CSPML_chgnet/CHGNet_relax/mp-1784\CsF_070_converged.cif,2.328089206746989e-07,55
mp-1784.cif,CSPML_chgnet/CHGNet_relax/mp-1784\CsF_071_converged.cif,1.2884098213737656e-07,56
mp-1784.cif,CSPML_chgnet/CHGNet_relax/mp-1784\CsF_073_converged.cif,9.924717007581303e-08,57
mp-1784.cif,CSPML_chgnet/CHGNet_relax/mp-1784\CsF_075_converged.cif,1.4142134421970931e-08,58
mp-1784.cif,CSPML_chgnet/CHGNet_relax/mp-1784\CsF_076_converged.cif,2.5179357660195525e-07,59
mp-1784.cif,CSPML_chgnet/CHGNet_relax/mp-1784\CsF_077_converged.cif,1.1747339965836988e-07,60
mp-1784.cif,CSPML_chgnet/CHGNet_relax/mp-1784\CsF_079_converged.cif,2.640169329442106e-16,61
mp-1784.cif,CSPML_chgnet/CHGNet_relax/mp-1784\CsF_081_converged.cif,2.1872428645438094e-16,62
mp-1784.cif,CSPML_chgnet/CHGNet_relax/mp-1784\CsF_082_converged.cif,2.757716471739273e-07,63
mp-1784.cif,CSPML_chgnet/CHGNet_relax/mp-1784\CsF_083_converged.cif,1.46464478539416e-16,64
mp-1784.cif,CSPML_chgnet/CHGNet_relax/mp-1784\CsF_086_converged.cif,3.914432761505416e-08,65
mp-1784.cif,CSPML_chgnet/CHGNet_relax/mp-1784\CsF_087_converged.cif,1.4142135306565932e-08,66
mp-1784.cif,CSPML_chgnet/CHGNet_relax/mp-1784\CsF_089_converged.cif,1.3266499593380429e-07,67
mp-1784.cif,CSPML_chgnet/CHGNet_relax/mp-1784\CsF_090_converged.cif,3.214242938360062e-16,68
mp-1784.cif,CSPML_chgnet/CHGNet_relax/mp-1784\CsF_091_converged.cif,3.0232435569497533e-07,69
mp-1784.cif,CSPML_chgnet/CHGNet_relax/mp-1784\CsF_092_converged.cif,4.2591075932066606e-07,70
mp-1784.cif,CSPML_chgnet/CHGNet_relax/mp-1784\CsF_093_converged.cif,4.8476802785856186e-08,71
mp-1784.cif,CSPML_chgnet/CHGNet_relax/mp-1784\CsF_094_converged.cif,1.414213509893767e-08,72
mp-1784.cif,CSPML_chgnet/CHGNet_relax/mp-1784\CsF_095_converged.cif,1.870828831102998e-07,73
mp-1784.cif,CSPML_chgnet/CHGNet_relax/mp-1784\CsF_098_converged.cif,1.4142135598929017e-08,74
mp-1784.cif,CSPML_chgnet/CHGNet_relax/mp-1784\CsF_099_converged.cif,1.4142135493387454e-08,75
mp-1784.cif,CSPML_chgnet/CHGNet_relax/mp-1784\CsF_100_converged.cif,7.576609331813401e-07,76
mp-2064.cif,CSPML_chgnet/CHGNet_relax/mp-2064\RbF_009_converged.cif,2.924618845355236e-07,1
mp-2133.cif,CSPML_chgnet/CHGNet_relax/mp-2133\ZnO_014_converged.cif,0.0015028861061102924,1
mp-2133.cif,CSPML_chgnet/CHGNet_relax/mp-2133\ZnO_020_converged.cif,0.0023154317303751178,2
mp-2133.cif,CSPML_chgnet/CHGNet_relax/mp-2133\ZnO_046_converged.cif,0.11640875334848032,3
mp-2133.cif,CSPML_chgnet/CHGNet_relax/mp-2133\ZnO_070_converged.cif,0.0021888171697771954,4
mp-2133.cif,CSPML_chgnet/CHGNet_relax/mp-2133\ZnO_071_converged.cif,0.0005083881999458563,5
mp-22862.cif,CSPML_chgnet/CHGNet_relax/mp-22862\NaCl_001_converged.cif,6.964193962204208e-08,1
mp-22862.cif,CSPML_chgnet/CHGNet_relax/mp-22862\NaCl_002_converged.cif,1.224744859018336e-08,2
mp-22862.cif,CSPML_chgnet/CHGNet_relax/mp-22862\NaCl_003_converged.cif,9.137834084721539e-08,3
mp-22862.cif,CSPML_chgnet/CHGNet_relax/mp-22862\NaCl_004_converged.cif,2.91547606958427e-08,4
mp-22862.cif,CSPML_chgnet/CHGNet_relax/mp-22862\NaCl_005_converged.cif,7.21110192866081e-08,5
mp-22862.cif,CSPML_chgnet/CHGNet_relax/mp-22862\NaCl_006_converged.cif,2.4494894819803794e-08,6
mp-22862.cif,CSPML_chgnet/CHGNet_relax/mp-22862\NaCl_007_converged.cif,1.414213538794622e-08,7
mp-22862.cif,CSPML_chgnet/CHGNet_relax/mp-22862\NaCl_008_converged.cif,2.4494896937474955e-08,8
mp-22862.cif,CSPML_chgnet/CHGNet_relax/mp-22862\NaCl_009_converged.cif,5.873670128479741e-08,9
mp-22862.cif,CSPML_chgnet/CHGNet_relax/mp-22862\NaCl_011_converged.cif,1.4142137233598358e-08,10
mp-22862.cif,CSPML_chgnet/CHGNet_relax/mp-22862\NaCl_012_converged.cif,6.480741594339991e-08,11
mp-22862.cif,CSPML_chgnet/CHGNet_relax/mp-22862\NaCl_013_converged.cif,0.0027321029395205618,12
mp-22862.cif,CSPML_chgnet/CHGNet_relax/mp-22862\NaCl_014_converged.cif,4.183300330043072e-08,13
mp-22862.cif,CSPML_chgnet/CHGNet_relax/mp-22862\NaCl_016_converged.cif,2.1213206096159064e-08,14
mp-22862.cif,CSPML_chgnet/CHGNet_relax/mp-22862\NaCl_017_converged.cif,6.595452414457487e-08,15
mp-22862.cif,CSPML_chgnet/CHGNet_relax/mp-22862\NaCl_018_converged.cif,1.4142134995412738e-08,16
mp-22862.cif,CSPML_chgnet/CHGNet_relax/mp-22862\NaCl_019_converged.cif,1.4142135787257877e-08,17
mp-22862.cif,CSPML_chgnet/CHGNet_relax/mp-22862\NaCl_020_converged.cif,7.176349529212278e-08,18
mp-22862.cif,CSPML_chgnet/CHGNet_relax/mp-22862\NaCl_022_converged.cif,6.164413555707105e-08,19
mp-22862.cif,CSPML_chgnet/CHGNet_relax/mp-22862\NaCl_023_converged.cif,4.118192715675364e-16,20
mp-22862.cif,CSPML_chgnet/CHGNet_relax/mp-22862\NaCl_025_converged.cif,1.2409674204244643e-07,21
mp-22862.cif,CSPML_chgnet/CHGNet_relax/mp-22862\NaCl_026_converged.cif,1.133578435001577e-07,22
mp-22862.cif,CSPML_chgnet/CHGNet_relax/mp-22862\NaCl_027_converged.cif,6.041523148697152e-08,23
mp-22862.cif,CSPML_chgnet/CHGNet_relax/mp-22862\NaCl_029_converged.cif,8.717798227903719e-08,24
mp-22862.cif,CSPML_chgnet/CHGNet_relax/mp-22862\NaCl_030_converged.cif,2.0000000608715298e-08,25
mp-22862.cif,CSPML_chgnet/CHGNet_relax/mp-22862\NaCl_031_converged.cif,2.449489659029218e-08,26
mp-22862.cif,CSPML_chgnet/CHGNet_relax/mp-22862\NaCl_032_converged.cif,1.1747340274007774e-07,27
mp-22862.cif,CSPML_chgnet/CHGNet_relax/mp-22862\NaCl_033_converged.cif,3.162277869594576e-08,28
mp-22862.cif,CSPML_chgnet/CHGNet_relax/mp-22862\NaCl_034_converged.cif,1.8708287471244232e-08,29
mp-22862.cif,CSPML_chgnet/CHGNet_relax/mp-22862\NaCl_035_converged.cif,3.741657056962489e-08,30
mp-22862.cif,CSPML_chgnet/CHGNet_relax/mp-22862\NaCl_036_converged.cif,2.449489456464251e-08,31
mp-22862.cif,CSPML_chgnet/CHGNet_relax/mp-22862\NaCl_037_converged.cif,2.449489823247154e-08,32
mp-22862.cif,CSPML_chgnet/CHGNet_relax/mp-22862\NaCl_038_converged.cif,2.7386128133176617e-08,33
mp-22862.cif,CSPML_chgnet/CHGNet_relax/mp-22862\NaCl_039_converged.cif,1.0559356149598636e-07,34
mp-22862.cif,CSPML_chgnet/CHGNet_relax/mp-22862\NaCl_040_converged.cif,4.2426407208305154e-08,35
mp-22862.cif,CSPML_chgnet/CHGNet_relax/mp-22862\NaCl_041_converged.cif,1.4142135163397429e-08,36
mp-22862.cif,CSPML_chgnet/CHGNet_relax/mp-22862\NaCl_042_converged.cif,8.792077915956263e-17,37
mp-22862.cif,CSPML_chgnet/CHGNet_relax/mp-22862\NaCl_043_converged.cif,4.022837786821656e-16,38
mp-22862.cif,CSPML_chgnet/CHGNet_relax/mp-22862\NaCl_044_converged.cif,1.5778628802972273e-16,39
mp-22862.cif,CSPML_chgnet/CHGNet_relax/mp-22862\NaCl_047_converged.cif,3.5176674666606323e-16,40
mp-22862.cif,CSPML_chgnet/CHGNet_relax/mp-22862\NaCl_048_converged.cif,1.4142135309060321e-08,41
mp-22862.cif,CSPML_chgnet/CHGNet_relax/mp-22862\NaCl_049_converged.cif,7.071068518685571e-09,42
mp-22862.cif,CSPML_chgnet/CHGNet_relax/mp-22862\NaCl_050_converged.cif,5.2440445129824116e-08,43
mp-22862.cif,CSPML_chgnet/CHGNet_relax/mp-22862\NaCl_051_converged.cif,4.472136177803958e-08,44
mp-22862.cif,CSPML_chgnet/CHGNet_relax/mp-22862\NaCl_052_converged.cif,5.477225815145147e-08,45
mp-22862.cif,CSPML_chgnet/CHGNet_relax/mp-22862\NaCl_053_converged.cif,1.1156635262225806e-16,46
mp-22862.cif,CSPML_chgnet/CHGNet_relax/mp-22862\NaCl_054_converged.cif,7.071068410810978e-08,47
mp-22862.cif,CSPML_chgnet/CHGNet_relax/mp-22862\NaCl_055_converged.cif,1.1821037342904288e-16,48
mp-22862.cif,CSPML_chgnet/CHGNet_relax/mp-22862\NaCl_057_converged.cif,1.4142135763189482e-08,49
mp-22862.cif,CSPML_chgnet/CHGNet_relax/mp-22862\NaCl_058_converged.cif,3.0688585567248386e-16,50
mp-22862.cif,CSPML_chgnet/CHGNet_relax/mp-22862\NaCl_060_converged.cif,2.828427049143018e-08,51
mp-22862.cif,CSPML_chgnet/CHGNet_relax/mp-22862\NaCl_061_converged.cif,2.4494898333129954e-08,52
mp-22862.cif,CSPML_chgnet/CHGNet_relax/mp-22862\NaCl_062_converged.cif,1.4142134424612016e-08,53
mp-22862.cif,CSPML_chgnet/CHGNet_relax/mp-22862\NaCl_063_converged.cif,1.4142135837792462e-08,54
mp-22862.cif,CSPML_chgnet/CHGNet_relax/mp-22862\NaCl_064_converged.cif,1.4142135210731656e-08,55
mp-22862.cif,CSPML_chgnet/CHGNet_relax/mp-22862\NaCl_065_converged.cif,1.4142135981473267e-08,56
mp-22862.cif,CSPML_chgnet/CHGNet_relax/mp-22862\NaCl_066_converged.cif,0.0,57
mp-22862.cif,CSPML_chgnet/CHGNet_relax/mp-22862\NaCl_068_converged.cif,3.928963825054861e-17,58
mp-22862.cif,CSPML_chgnet/CHGNet_relax/mp-22862\NaCl_069_converged.cif,7.071068404219359e-08,59
mp-22862.cif,CSPML_chgnet/CHGNet_relax/mp-22862\NaCl_071_converged.cif,2.94942396948295e-16,60
mp-22862.cif,CSPML_chgnet/CHGNet_relax/mp-22862\NaCl_072_converged.cif,1.4142135544554823e-08,61
mp-22862.cif,CSPML_chgnet/CHGNet_relax/mp-22862\NaCl_073_converged.cif,3.74165717091936e-08,62
mp-22862.cif,CSPML_chgnet/CHGNet_relax/mp-22862\NaCl_074_converged.cif,1.4142134906793295e-08,63
mp-22862.cif,CSPML_chgnet/CHGNet_relax/mp-22862\NaCl_075_converged.cif,1.4142135475299585e-08,64
mp-22862.cif,CSPML_chgnet/CHGNet_relax/mp-22862\NaCl_076_converged.cif,2.8284270282590024e-08,65
mp-22862.cif,CSPML_chgnet/CHGNet_relax/mp-22862\NaCl_077_converged.cif,0.0075222107883681204,66
mp-22862.cif,CSPML_chgnet/CHGNet_relax/mp-22862\NaCl_078_converged.cif,1.4142133968033405e-08,67
mp-22862.cif,CSPML_chgnet/CHGNet_relax/mp-22862\NaCl_079_converged.cif,1.2247448703239097e-08,68
mp-22862.cif,CSPML_chgnet/CHGNet_relax/mp-22862\NaCl_080_converged.cif,2.8284272338586986e-08,69
mp-22862.cif,CSPML_chgnet/CHGNet_relax/mp-22862\NaCl_081_converged.cif,5.656854245341915e-08,70
mp-22862.cif,CSPML_chgnet/CHGNet_relax/mp-22862\NaCl_082_converged.cif,4.242640789593877e-08,71
mp-22862.cif,CSPML_chgnet/CHGNet_relax/mp-22862\NaCl_083_converged.cif,1.4142133932208383e-08,72
mp-22862.cif,CSPML_chgnet/CHGNet_relax/mp-22862\NaCl_085_converged.cif,1.999999920144427e-08,73
mp-22862.cif,CSPML_chgnet/CHGNet_relax/mp-22862\NaCl_087_converged.cif,1.9999999883335787e-08,74
mp-22862.cif,CSPML_chgnet/CHGNet_relax/mp-22862\NaCl_088_converged.cif,1.999999768163927e-08,75
mp-22862.cif,CSPML_chgnet/CHGNet_relax/mp-22862\NaCl_090_converged.cif,1.414213639245074e-08,76
mp-22862.cif,CSPML_chgnet/CHGNet_relax/mp-22862\NaCl_091_converged.cif,2.8284270993710655e-08,77
mp-22862.cif,CSPML_chgnet/CHGNet_relax/mp-22862\NaCl_093_converged.cif,1.9999999943300412e-08,78
mp-22862.cif,CSPML_chgnet/CHGNet_relax/mp-22862\NaCl_094_converged.cif,1.4142135710604186e-08,79
mp-22862.cif,CSPML_chgnet/CHGNet_relax/mp-22862\NaCl_095_converged.cif,3.93700435224569e-08,80
mp-22862.cif,CSPML_chgnet/CHGNet_relax/mp-22862\NaCl_096_converged.cif,1.1825717187173662e-16,81
mp-22862.cif,CSPML_chgnet/CHGNet_relax/mp-22862\NaCl_097_converged.cif,1.414213712470251e-08,82
mp-22862.cif,CSPML_chgnet/CHGNet_relax/mp-22862\NaCl_098_converged.cif,4.6904153685081776e-08,83
mp-22865.cif,CSPML_chgnet/CHGNet_relax/mp-22865\CsCl_012_converged.cif,7.700964619730376e-09,1
mp-22865.cif,CSPML_chgnet/CHGNet_relax/mp-22865\CsCl_031_converged.cif,0.05131423767725614,2
mp-22865.cif,CSPML_chgnet/CHGNet_relax/mp-22865\CsCl_083_converged.cif,1.7802931698442995e-08,3
mp-22905.cif,CSPML_chgnet/CHGNet_relax/mp-22905\LiCl_002_converged.cif,4.242640945546581e-08,1
mp-22905.cif,CSPML_chgnet/CHGNet_relax/mp-22905\LiCl_003_converged.cif,3.162277656743007e-08,2
mp-22905.cif,CSPML_chgnet/CHGNet_relax/mp-22905\LiCl_004_converged.cif,3.741657165497063e-08,3
mp-22905.cif,CSPML_chgnet/CHGNet_relax/mp-22905\LiCl_005_converged.cif,5.147814609663392e-08,4
mp-22905.cif,CSPML_chgnet/CHGNet_relax/mp-22905\LiCl_007_converged.cif,2.82842696980755e-08,5
mp-22905.cif,CSPML_chgnet/CHGNet_relax/mp-22905\LiCl_008_converged.cif,4.242641088439722e-08,6
mp-22905.cif,CSPML_chgnet/CHGNet_relax/mp-22905\LiCl_009_converged.cif,3.7416577964484e-08,7
mp-22905.cif,CSPML_chgnet/CHGNet_relax/mp-22905\LiCl_010_converged.cif,5.099019938563306e-08,8
mp-22905.cif,CSPML_chgnet/CHGNet_relax/mp-22905\LiCl_011_converged.cif,6.164414194571574e-08,9
mp-22905.cif,CSPML_chgnet/CHGNet_relax/mp-22905\LiCl_012_converged.cif,1.4071250880499633e-07,10
mp-22905.cif,CSPML_chgnet/CHGNet_relax/mp-22905\LiCl_013_converged.cif,3.082207164952546e-08,11
mp-22905.cif,CSPML_chgnet/CHGNet_relax/mp-22905\LiCl_014_converged.cif,7.0710675594020294e-09,12
mp-22905.cif,CSPML_chgnet/CHGNet_relax/mp-22905\LiCl_015_converged.cif,1.256980630478056e-07,13
mp-22905.cif,CSPML_chgnet/CHGNet_relax/mp-22905\LiCl_016_converged.cif,1.4142134502431504e-08,14
mp-22905.cif,CSPML_chgnet/CHGNet_relax/mp-22905\LiCl_017_converged.cif,2.4494899707027774e-08,15
mp-22905.cif,CSPML_chgnet/CHGNet_relax/mp-22905\LiCl_018_converged.cif,1.414213498064309e-08,16
mp-22905.cif,CSPML_chgnet/CHGNet_relax/mp-22905\LiCl_019_converged.cif,5.830952153305772e-08,17
mp-22905.cif,CSPML_chgnet/CHGNet_relax/mp-22905\LiCl_020_converged.cif,3.7416577162901645e-08,18
mp-22905.cif,CSPML_chgnet/CHGNet_relax/mp-22905\LiCl_022_converged.cif,2.8284268542140877e-08,19
mp-22905.cif,CSPML_chgnet/CHGNet_relax/mp-22905\LiCl_023_converged.cif,7.071067504359886e-09,20
mp-22905.cif,CSPML_chgnet/CHGNet_relax/mp-22905\LiCl_026_converged.cif,2.0000000340642006e-08,21
mp-22905.cif,CSPML_chgnet/CHGNet_relax/mp-22905\LiCl_027_converged.cif,3.082206925653545e-08,22
mp-22905.cif,CSPML_chgnet/CHGNet_relax/mp-22905\LiCl_028_converged.cif,2.5560109182845754e-07,23
mp-22905.cif,CSPML_chgnet/CHGNet_relax/mp-22905\LiCl_029_converged.cif,0.01403664343919236,24
mp-22905.cif,CSPML_chgnet/CHGNet_relax/mp-22905\LiCl_030_converged.cif,1.9999999996781527e-08,25
mp-22905.cif,CSPML_chgnet/CHGNet_relax/mp-22905\LiCl_031_converged.cif,1.9999999251660262e-08,26
mp-22905.cif,CSPML_chgnet/CHGNet_relax/mp-22905\LiCl_032_converged.cif,2.000000013883934e-08,27
mp-22905.cif,CSPML_chgnet/CHGNet_relax/mp-22905\LiCl_034_converged.cif,1.55563504740015e-07,28
mp-22905.cif,CSPML_chgnet/CHGNet_relax/mp-22905\LiCl_035_converged.cif,1.4142135230355871e-08,29
mp-22905.cif,CSPML_chgnet/CHGNet_relax/mp-22905\LiCl_036_converged.cif,2.8284269979047625e-08,30
mp-22905.cif,CSPML_chgnet/CHGNet_relax/mp-22905\LiCl_038_converged.cif,4.0620190429940825e-08,31
mp-22905.cif,CSPML_chgnet/CHGNet_relax/mp-22905\LiCl_039_converged.cif,3.674234636848711e-08,32
mp-22905.cif,CSPML_chgnet/CHGNet_relax/mp-22905\LiCl_040_converged.cif,1.4142135461125185e-08,33
mp-22905.cif,CSPML_chgnet/CHGNet_relax/mp-22905\LiCl_043_converged.cif,1.5620498878315962e-07,34
mp-22905.cif,CSPML_chgnet/CHGNet_relax/mp-22905\LiCl_044_converged.cif,1.8828169359898847e-07,35
mp-22905.cif,CSPML_chgnet/CHGNet_relax/mp-22905\LiCl_045_converged.cif,4.4721354665835865e-08,36
mp-22905.cif,CSPML_chgnet/CHGNet_relax/mp-22905\LiCl_046_converged.cif,8.485280927506308e-08,37
mp-22905.cif,CSPML_chgnet/CHGNet_relax/mp-22905\LiCl_047_converged.cif,2.4494897061167898e-08,38
mp-22905.cif,CSPML_chgnet/CHGNet_relax/mp-22905\LiCl_048_converged.cif,2.0000001021212234e-08,39
mp-22905.cif,CSPML_chgnet/CHGNet_relax/mp-22905\LiCl_050_converged.cif,2.4494895573240464e-08,40
mp-22905.cif,CSPML_chgnet/CHGNet_relax/mp-22905\LiCl_051_converged.cif,1.8708285697290876e-08,41
mp-22905.cif,CSPML_chgnet/CHGNet_relax/mp-22905\LiCl_052_converged.cif,6.017890313453109e-07,42
mp-22905.cif,CSPML_chgnet/CHGNet_relax/mp-22905\LiCl_053_converged.cif,4.242641246144188e-08,43
mp-22905.cif,CSPML_chgnet/CHGNet_relax/mp-22905\LiCl_054_converged.cif,2.48294208459136e-07,44
mp-22905.cif,CSPML_chgnet/CHGNet_relax/mp-22905\LiCl_056_converged.cif,2.619160327166624e-07,45
mp-22905.cif,CSPML_chgnet/CHGNet_relax/mp-22905\LiCl_057_converged.cif,1.581138952150418e-08,46
mp-22905.cif,CSPML_chgnet/CHGNet_relax/mp-22905\LiCl_059_converged.cif,2.0000000067917015e-08,47
mp-22905.cif,CSPML_chgnet/CHGNet_relax/mp-22905\LiCl_060_converged.cif,5.200482220854328e-07,48
mp-22905.cif,CSPML_chgnet/CHGNet_relax/mp-22905\LiCl_061_converged.cif,7.526347684835883e-17,49
mp-22905.cif,CSPML_chgnet/CHGNet_relax/mp-22905\LiCl_062_converged.cif,1.8708286824770565e-08,50
mp-22905.cif,CSPML_chgnet/CHGNet_relax/mp-22905\LiCl_064_converged.cif,2.9123188465317866e-08,51
mp-22905.cif,CSPML_chgnet/CHGNet_relax/mp-22905\LiCl_065_converged.cif,1.5033296731464282e-07,52
mp-22905.cif,CSPML_chgnet/CHGNet_relax/mp-22905\LiCl_066_converged.cif,3.240370407583195e-08,53
mp-22905.cif,CSPML_chgnet/CHGNet_relax/mp-22905\LiCl_067_converged.cif,3.999999114953207e-08,54
mp-22905.cif,CSPML_chgnet/CHGNet_relax/mp-22905\LiCl_068_converged.cif,1.2961481074922008e-07,55
mp-22905.cif,CSPML_chgnet/CHGNet_relax/mp-22905\LiCl_069_converged.cif,1.0954450821997923e-07,56
mp-22905.cif,CSPML_chgnet/CHGNet_relax/mp-22905\LiCl_070_converged.cif,3.46410203906279e-08,57
mp-22905.cif,CSPML_chgnet/CHGNet_relax/mp-22905\LiCl_071_converged.cif,1.6673332043225826e-07,58
mp-22905.cif,CSPML_chgnet/CHGNet_relax/mp-22905\LiCl_072_converged.cif,2.44948969200123e-08,59
mp-22905.cif,CSPML_chgnet/CHGNet_relax/mp-22905\LiCl_074_converged.cif,3.749666349424763e-07,60
mp-22905.cif,CSPML_chgnet/CHGNet_relax/mp-22905\LiCl_075_converged.cif,2.2045406894696894e-07,61
mp-22905.cif,CSPML_chgnet/CHGNet_relax/mp-22905\LiCl_077_converged.cif,2.1260293280764174e-07,62
mp-22905.cif,CSPML_chgnet/CHGNet_relax/mp-22905\LiCl_078_converged.cif,2.4494900389343452e-08,63
mp-22905.cif,CSPML_chgnet/CHGNet_relax/mp-22905\LiCl_079_converged.cif,1.4142136717245383e-08,64
mp-22905.cif,CSPML_chgnet/CHGNet_relax/mp-22905\LiCl_081_converged.cif,1.4142135525956142e-08,65
mp-22905.cif,CSPML_chgnet/CHGNet_relax/mp-22905\LiCl_082_converged.cif,4.472135637948996e-08,66
mp-22905.cif,CSPML_chgnet/CHGNet_relax/mp-22905\LiCl_084_converged.cif,3.741657204739262e-08,67
mp-22905.cif,CSPML_chgnet/CHGNet_relax/mp-22905\LiCl_086_converged.cif,2.0432818071690258e-07,68
mp-22905.cif,CSPML_chgnet/CHGNet_relax/mp-22905\LiCl_087_converged.cif,4.69041561269579e-08,69
mp-22905.cif,CSPML_chgnet/CHGNet_relax/mp-22905\LiCl_091_converged.cif,8.3991057878773e-07,70
mp-22905.cif,CSPML_chgnet/CHGNet_relax/mp-22905\LiCl_095_converged.cif,4.106093005894627e-07,71
mp-22905.cif,CSPML_chgnet/CHGNet_relax/mp-22905\LiCl_096_converged.cif,6.164414607705862e-08,72
mp-22905.cif,CSPML_chgnet/CHGNet_relax/mp-22905\LiCl_097_converged.cif,2.644806239706636e-07,73
mp-22905.cif,CSPML_chgnet/CHGNet_relax/mp-22905\LiCl_098_converged.cif,4.062019186576026e-08,74
mp-22905.cif,CSPML_chgnet/CHGNet_relax/mp-22905\LiCl_099_converged.cif,5.549773933570995e-07,75
mp-23193.cif,CSPML_chgnet/CHGNet_relax/mp-23193\KCl_001_converged.cif,7.01552758739632e-17,1
mp-23193.cif,CSPML_chgnet/CHGNet_relax/mp-23193\KCl_002_converged.cif,2.1013042120877642e-16,2
mp-23193.cif,CSPML_chgnet/CHGNet_relax/mp-23193\KCl_003_converged.cif,1.414213553205279e-08,3
mp-23193.cif,CSPML_chgnet/CHGNet_relax/mp-23193\KCl_004_converged.cif,2.7386128049090452e-08,4
mp-23193.cif,CSPML_chgnet/CHGNet_relax/mp-23193\KCl_006_converged.cif,6.164413834083451e-08,5
mp-23193.cif,CSPML_chgnet/CHGNet_relax/mp-23193\KCl_007_converged.cif,0.003983419957359002,6
mp-23193.cif,CSPML_chgnet/CHGNet_relax/mp-23193\KCl_008_converged.cif,1.5811388754113128e-08,7
mp-23193.cif,CSPML_chgnet/CHGNet_relax/mp-23193\KCl_009_converged.cif,1.414213511570595e-08,8
mp-23193.cif,CSPML_chgnet/CHGNet_relax/mp-23193\KCl_010_converged.cif,1.8708286658137847e-08,9
mp-23193.cif,CSPML_chgnet/CHGNet_relax/mp-23193\KCl_012_converged.cif,2.44948969295511e-08,10
mp-23193.cif,CSPML_chgnet/CHGNet_relax/mp-23193\KCl_014_converged.cif,1.7169176027218008e-16,11
mp-23193.cif,CSPML_chgnet/CHGNet_relax/mp-23193\KCl_015_converged.cif,3.741657467738768e-08,12
mp-23193.cif,CSPML_chgnet/CHGNet_relax/mp-23193\KCl_016_converged.cif,1.0488088486055694e-07,13
mp-23193.cif,CSPML_chgnet/CHGNet_relax/mp-23193\KCl_017_converged.cif,2.8855738753817e-16,14
mp-23193.cif,CSPML_chgnet/CHGNet_relax/mp-23193\KCl_018_converged.cif,1.6552945789097158e-07,15
mp-23193.cif,CSPML_chgnet/CHGNet_relax/mp-23193\KCl_019_converged.cif,9.165151340423857e-08,16
mp-23193.cif,CSPML_chgnet/CHGNet_relax/mp-23193\KCl_020_converged.cif,5.7879185438147956e-08,17
mp-23193.cif,CSPML_chgnet/CHGNet_relax/mp-23193\KCl_021_converged.cif,4.4721360695507445e-08,18
mp-23193.cif,CSPML_chgnet/CHGNet_relax/mp-23193\KCl_022_converged.cif,1.4142135014672351e-08,19
mp-23193.cif,CSPML_chgnet/CHGNet_relax/mp-23193\KCl_023_converged.cif,8.27647238559481e-08,20
mp-23193.cif,CSPML_chgnet/CHGNet_relax/mp-23193\KCl_024_converged.cif,1.4142135237171007e-08,21
mp-23193.cif,CSPML_chgnet/CHGNet_relax/mp-23193\KCl_025_converged.cif,3.1622776616780023e-08,22
mp-23193.cif,CSPML_chgnet/CHGNet_relax/mp-23193\KCl_026_converged.cif,1.7392527241697502e-07,23
mp-23193.cif,CSPML_chgnet/CHGNet_relax/mp-23193\KCl_027_converged.cif,5.477225274616334e-08,24
mp-23193.cif,CSPML_chgnet/CHGNet_relax/mp-23193\KCl_028_converged.cif,2.828427155255151e-08,25
mp-23193.cif,CSPML_chgnet/CHGNet_relax/mp-23193\KCl_029_converged.cif,8.124038469156104e-08,26
mp-23193.cif,CSPML_chgnet/CHGNet_relax/mp-23193\KCl_030_converged.cif,1.4142136055404045e-08,27
mp-23193.cif,CSPML_chgnet/CHGNet_relax/mp-23193\KCl_031_converged.cif,3.162277645473805e-08,28
mp-23193.cif,CSPML_chgnet/CHGNet_relax/mp-23193\KCl_032_converged.cif,1.999999997635292e-08,29
mp-23193.cif,CSPML_chgnet/CHGNet_relax/mp-23193\KCl_033_converged.cif,3.464101701191148e-08,30
mp-23193.cif,CSPML_chgnet/CHGNet_relax/mp-23193\KCl_034_converged.cif,2.1002419436116747e-16,31
mp-23193.cif,CSPML_chgnet/CHGNet_relax/mp-23193\KCl_035_converged.cif,1.4142135883113854e-08,32
mp-23193.cif,CSPML_chgnet/CHGNet_relax/mp-23193\KCl_036_converged.cif,1.4142136175540108e-08,33
mp-23193.cif,CSPML_chgnet/CHGNet_relax/mp-23193\KCl_038_converged.cif,2.449489736328593e-08,34
mp-23193.cif,CSPML_chgnet/CHGNet_relax/mp-23193\KCl_039_converged.cif,1.8867962045808404e-07,35
mp-23193.cif,CSPML_chgnet/CHGNet_relax/mp-23193\KCl_040_converged.cif,8.602325771452321e-08,36
mp-23193.cif,CSPML_chgnet/CHGNet_relax/mp-23193\KCl_041_converged.cif,1.0606602322630477e-07,37
mp-23193.cif,CSPML_chgnet/CHGNet_relax/mp-23193\KCl_042_converged.cif,0.0,38
mp-23193.cif,CSPML_chgnet/CHGNet_relax/mp-23193\KCl_043_converged.cif,3.162277654524696e-08,39
mp-23193.cif,CSPML_chgnet/CHGNet_relax/mp-23193\KCl_044_converged.cif,8.154753238756012e-08,40
mp-23193.cif,CSPML_chgnet/CHGNet_relax/mp-23193\KCl_045_converged.cif,4.242640831529959e-08,41
mp-23193.cif,CSPML_chgnet/CHGNet_relax/mp-23193\KCl_046_converged.cif,7.000849650711584e-17,42
mp-23193.cif,CSPML_chgnet/CHGNet_relax/mp-23193\KCl_047_converged.cif,1.4142135878953846e-08,43
mp-23193.cif,CSPML_chgnet/CHGNet_relax/mp-23193\KCl_050_converged.cif,6.782329586837161e-08,44
mp-23193.cif,CSPML_chgnet/CHGNet_relax/mp-23193\KCl_051_converged.cif,2.4494898104442202e-08,45
mp-23193.cif,CSPML_chgnet/CHGNet_relax/mp-23193\KCl_052_converged.cif,1.9999999846031907e-08,46
mp-23193.cif,CSPML_chgnet/CHGNet_relax/mp-23193\KCl_053_converged.cif,1.9805898324505434e-16,47
mp-23193.cif,CSPML_chgnet/CHGNet_relax/mp-23193\KCl_054_converged.cif,3.570271651906567e-16,48
mp-23193.cif,CSPML_chgnet/CHGNet_relax/mp-23193\KCl_055_converged.cif,1.4142135043722307e-08,49
mp-23193.cif,CSPML_chgnet/CHGNet_relax/mp-23193\KCl_056_converged.cif,2.1000508300858926e-16,50
mp-23193.cif,CSPML_chgnet/CHGNet_relax/mp-23193\KCl_057_converged.cif,0.005701277784168574,51
mp-23193.cif,CSPML_chgnet/CHGNet_relax/mp-23193\KCl_058_converged.cif,1.565435819682625e-16,52
mp-23193.cif,CSPML_chgnet/CHGNet_relax/mp-23193\KCl_059_converged.cif,1.1224972169235755e-07,53
mp-23193.cif,CSPML_chgnet/CHGNet_relax/mp-23193\KCl_060_converged.cif,8.602324764675028e-08,54
mp-23193.cif,CSPML_chgnet/CHGNet_relax/mp-23193\KCl_061_converged.cif,2.828427127316812e-08,55
mp-23193.cif,CSPML_chgnet/CHGNet_relax/mp-23193\KCl_063_converged.cif,1.4047983141833786e-16,56
mp-23193.cif,CSPML_chgnet/CHGNet_relax/mp-23193\KCl_064_converged.cif,1.964688284220715e-07,57
mp-23193.cif,CSPML_chgnet/CHGNet_relax/mp-23193\KCl_065_converged.cif,7.176349973359472e-08,58
mp-23193.cif,CSPML_chgnet/CHGNet_relax/mp-23193\KCl_066_converged.cif,1.4142135821020417e-08,59
mp-23193.cif,CSPML_chgnet/CHGNet_relax/mp-23193\KCl_067_converged.cif,2.1118711834830323e-07,60
mp-23193.cif,CSPML_chgnet/CHGNet_relax/mp-23193\KCl_068_converged.cif,7.874008060510806e-08,61
mp-23193.cif,CSPML_chgnet/CHGNet_relax/mp-23193\KCl_070_converged.cif,9.695359643273939e-08,62
mp-23193.cif,CSPML_chgnet/CHGNet_relax/mp-23193\KCl_072_converged.cif,0.0,63
mp-23193.cif,CSPML_chgnet/CHGNet_relax/mp-23193\KCl_074_converged.cif,1.5650341126592057e-16,64
mp-23193.cif,CSPML_chgnet/CHGNet_relax/mp-23193\KCl_075_converged.cif,3.082207027912792e-08,65
mp-23193.cif,CSPML_chgnet/CHGNet_relax/mp-23193\KCl_076_converged.cif,7.34846962427867e-08,66
mp-23193.cif,CSPML_chgnet/CHGNet_relax/mp-23193\KCl_079_converged.cif,2.8284273048201295e-08,67
mp-23193.cif,CSPML_chgnet/CHGNet_relax/mp-23193\KCl_080_converged.cif,1.4142136111826544e-08,68
mp-23193.cif,CSPML_chgnet/CHGNet_relax/mp-23193\KCl_081_converged.cif,8.124038595085371e-08,69
mp-23193.cif,CSPML_chgnet/CHGNet_relax/mp-23193\KCl_082_converged.cif,1.3435029586283545e-07,70
mp-23193.cif,CSPML_chgnet/CHGNet_relax/mp-23193\KCl_083_converged.cif,3.4641016962029976e-08,71
mp-23193.cif,CSPML_chgnet/CHGNet_relax/mp-23193\KCl_084_converged.cif,1.4142135281258088e-08,72
mp-23193.cif,CSPML_chgnet/CHGNet_relax/mp-23193\KCl_086_converged.cif,1.4142134845366463e-08,73
mp-23193.cif,CSPML_chgnet/CHGNet_relax/mp-23193\KCl_087_converged.cif,2.8284271515815166e-08,74
mp-23193.cif,CSPML_chgnet/CHGNet_relax/mp-23193\KCl_089_converged.cif,5.099019737486186e-08,75
mp-23193.cif,CSPML_chgnet/CHGNet_relax/mp-23193\KCl_090_converged.cif,1.148912516287918e-07,76
mp-23193.cif,CSPML_chgnet/CHGNet_relax/mp-23193\KCl_091_converged.cif,1.5651505251262316e-16,77
mp-23193.cif,CSPML_chgnet/CHGNet_relax/mp-23193\KCl_093_converged.cif,5.787918462113233e-08,78
mp-23193.cif,CSPML_chgnet/CHGNet_relax/mp-23193\KCl_094_converged.cif,2.4494898022423847e-08,79
mp-23193.cif,CSPML_chgnet/CHGNet_relax/mp-23193\KCl_095_converged.cif,1.400480801370293e-16,80
mp-23193.cif,CSPML_chgnet/CHGNet_relax/mp-23193\KCl_097_converged.cif,4.242640711503601e-08,81
mp-23193.cif,CSPML_chgnet/CHGNet_relax/mp-23193\KCl_098_converged.cif,2.3377339911089586e-07,82
mp-23193.cif,CSPML_chgnet/CHGNet_relax/mp-23193\KCl_099_converged.cif,9.942454084040302e-17,83
mp-23193.cif,CSPML_chgnet/CHGNet_relax/mp-23193\KCl_100_converged.cif,6.442049369363198e-08,84
mp-23295.cif,CSPML_chgnet/CHGNet_relax/mp-23295\RbCl_001_converged.cif,2.4494896810161837e-08,1
mp-23295.cif,CSPML_chgnet/CHGNet_relax/mp-23295\RbCl_002_converged.cif,0.0,2
mp-23295.cif,CSPML_chgnet/CHGNet_relax/mp-23295\RbCl_003_converged.cif,1.6332948782923108e-16,3
mp-23295.cif,CSPML_chgnet/CHGNet_relax/mp-23295\RbCl_007_converged.cif,1.4142136021228898e-08,4
mp-23295.cif,CSPML_chgnet/CHGNet_relax/mp-23295\RbCl_009_converged.cif,1.6370340705850653e-16,5
mp-23295.cif,CSPML_chgnet/CHGNet_relax/mp-23295\RbCl_010_converged.cif,2.3906068329438356e-07,6
mp-23295.cif,CSPML_chgnet/CHGNet_relax/mp-23295\RbCl_011_converged.cif,0.004505818062475374,7
mp-23295.cif,CSPML_chgnet/CHGNet_relax/mp-23295\RbCl_012_converged.cif,1.4959675086814658e-16,8
mp-23295.cif,CSPML_chgnet/CHGNet_relax/mp-23295\RbCl_013_converged.cif,9.354140426110188e-08,9
mp-23295.cif,CSPML_chgnet/CHGNet_relax/mp-23295\RbCl_015_converged.cif,1.4950434877765923e-16,10
mp-23295.cif,CSPML_chgnet/CHGNet_relax/mp-23295\RbCl_016_converged.cif,1.3190906788655288e-07,11
mp-23295.cif,CSPML_chgnet/CHGNet_relax/mp-23295\RbCl_018_converged.cif,1.4142135541181222e-08,12
mp-23295.cif,CSPML_chgnet/CHGNet_relax/mp-23295\RbCl_019_converged.cif,3.7416570921584286e-08,13
mp-23295.cif,CSPML_chgnet/CHGNet_relax/mp-23295\RbCl_020_converged.cif,2.816913456344371e-07,14
mp-23295.cif,CSPML_chgnet/CHGNet_relax/mp-23295\RbCl_021_converged.cif,1.4142133989925923e-08,15
mp-23295.cif,CSPML_chgnet/CHGNet_relax/mp-23295\RbCl_022_converged.cif,7.449831882226083e-08,16
mp-23295.cif,CSPML_chgnet/CHGNet_relax/mp-23295\RbCl_023_converged.cif,0.000888737971218317,17
mp-23295.cif,CSPML_chgnet/CHGNet_relax/mp-23295\RbCl_024_converged.cif,6.164413416259277e-08,18
mp-23295.cif,CSPML_chgnet/CHGNet_relax/mp-23295\RbCl_025_converged.cif,1.5302750361878605e-16,19
mp-23295.cif,CSPML_chgnet/CHGNet_relax/mp-23295\RbCl_026_converged.cif,1.309580104420394e-07,20
mp-23295.cif,CSPML_chgnet/CHGNet_relax/mp-23295\RbCl_027_converged.cif,7.471994479086722e-17,21
mp-23295.cif,CSPML_chgnet/CHGNet_relax/mp-23295\RbCl_028_converged.cif,9.2736191092991e-08,22
mp-23295.cif,CSPML_chgnet/CHGNet_relax/mp-23295\RbCl_029_converged.cif,3.391164976032531e-08,23
mp-23295.cif,CSPML_chgnet/CHGNet_relax/mp-23295\RbCl_030_converged.cif,5.0990197360708215e-08,24
mp-23295.cif,CSPML_chgnet/CHGNet_relax/mp-23295\RbCl_031_converged.cif,8.485280863817818e-08,25
mp-23295.cif,CSPML_chgnet/CHGNet_relax/mp-23295\RbCl_033_converged.cif,1.5937377098693579e-07,26
mp-23295.cif,CSPML_chgnet/CHGNet_relax/mp-23295\RbCl_034_converged.cif,1.1045361584400098e-07,27
mp-23295.cif,CSPML_chgnet/CHGNet_relax/mp-23295\RbCl_035_converged.cif,1.4142135389374756e-08,28
mp-23295.cif,CSPML_chgnet/CHGNet_relax/mp-23295\RbCl_036_converged.cif,4.527692219301343e-08,29
mp-23295.cif,CSPML_chgnet/CHGNet_relax/mp-23295\RbCl_037_converged.cif,1.4907099668556192e-16,30
mp-23295.cif,CSPML_chgnet/CHGNet_relax/mp-23295\RbCl_038_converged.cif,3.9159928582931226e-07,31
mp-23295.cif,CSPML_chgnet/CHGNet_relax/mp-23295\RbCl_039_converged.cif,1.4491377347075684e-07,32
mp-23295.cif,CSPML_chgnet/CHGNet_relax/mp-23295\RbCl_040_converged.cif,1.4142135214561172e-08,33
mp-23295.cif,CSPML_chgnet/CHGNet_relax/mp-23295\RbCl_041_converged.cif,8.485281190196695e-08,34
mp-23295.cif,CSPML_chgnet/CHGNet_relax/mp-23295\RbCl_042_converged.cif,1.1661903864948676e-07,35
mp-23295.cif,CSPML_chgnet/CHGNet_relax/mp-23295\RbCl_043_converged.cif,7.874007925412235e-08,36
mp-23295.cif,CSPML_chgnet/CHGNet_relax/mp-23295\RbCl_045_converged.cif,1.629416991910814e-07,37
mp-23295.cif,CSPML_chgnet/CHGNet_relax/mp-23295\RbCl_046_converged.cif,2.3790753149393435e-07,38
mp-23295.cif,CSPML_chgnet/CHGNet_relax/mp-23295\RbCl_047_converged.cif,2.735872734226219e-07,39
mp-23295.cif,CSPML_chgnet/CHGNet_relax/mp-23295\RbCl_048_converged.cif,6.442050217092794e-08,40
mp-23295.cif,CSPML_chgnet/CHGNet_relax/mp-23295\RbCl_049_converged.cif,3.741657304547205e-08,41
mp-23295.cif,CSPML_chgnet/CHGNet_relax/mp-23295\RbCl_050_converged.cif,7.071067946270075e-08,42
mp-23295.cif,CSPML_chgnet/CHGNet_relax/mp-23295\RbCl_051_converged.cif,4.6904152787341645e-08,43
mp-23295.cif,CSPML_chgnet/CHGNet_relax/mp-23295\RbCl_052_converged.cif,2.1805962332578702e-07,44
mp-23295.cif,CSPML_chgnet/CHGNet_relax/mp-23295\RbCl_053_converged.cif,1.1335784544787841e-07,45
mp-23295.cif,CSPML_chgnet/CHGNet_relax/mp-23295\RbCl_054_converged.cif,3.9370040438341324e-08,46
mp-23295.cif,CSPML_chgnet/CHGNet_relax/mp-23295\RbCl_055_converged.cif,9.8994949790395e-08,47
mp-23295.cif,CSPML_chgnet/CHGNet_relax/mp-23295\RbCl_057_converged.cif,2.1081357654893528e-16,48
mp-23295.cif,CSPML_chgnet/CHGNet_relax/mp-23295\RbCl_058_converged.cif,1.0677078768899271e-07,49
mp-23295.cif,CSPML_chgnet/CHGNet_relax/mp-23295\RbCl_059_converged.cif,1.2429801668819296e-07,50
mp-23295.cif,CSPML_chgnet/CHGNet_relax/mp-23295\RbCl_060_converged.cif,1.414213637274555e-08,51
mp-23295.cif,CSPML_chgnet/CHGNet_relax/mp-23295\RbCl_062_converged.cif,1.8708285446848922e-08,52
mp-23295.cif,CSPML_chgnet/CHGNet_relax/mp-23295\RbCl_064_converged.cif,1.4142135296667437e-08,53
mp-23295.cif,CSPML_chgnet/CHGNet_relax/mp-23295\RbCl_065_converged.cif,1.4142135542704372e-08,54
mp-23295.cif,CSPML_chgnet/CHGNet_relax/mp-23295\RbCl_066_converged.cif,1.4142135260094308e-08,55
mp-23295.cif,CSPML_chgnet/CHGNet_relax/mp-23295\RbCl_067_converged.cif,1.2247448784481433e-08,56
mp-23295.cif,CSPML_chgnet/CHGNet_relax/mp-23295\RbCl_068_converged.cif,5.830951434303438e-08,57
mp-23295.cif,CSPML_chgnet/CHGNet_relax/mp-23295\RbCl_070_converged.cif,2.4494898048816047e-08,58
mp-23295.cif,CSPML_chgnet/CHGNet_relax/mp-23295\RbCl_071_converged.cif,7.778174580407524e-08,59
mp-23295.cif,CSPML_chgnet/CHGNet_relax/mp-23295\RbCl_072_converged.cif,5.0990194779712024e-08,60
mp-23295.cif,CSPML_chgnet/CHGNet_relax/mp-23295\RbCl_074_converged.cif,4.8989795002677625e-08,61
mp-23295.cif,CSPML_chgnet/CHGNet_relax/mp-23295\RbCl_075_converged.cif,5.6568541008854536e-08,62
mp-23295.cif,CSPML_chgnet/CHGNet_relax/mp-23295\RbCl_076_converged.cif,1.8960483843180303e-07,63
mp-23295.cif,CSPML_chgnet/CHGNet_relax/mp-23295\RbCl_077_converged.cif,6.595452586630879e-08,64
mp-23295.cif,CSPML_chgnet/CHGNet_relax/mp-23295\RbCl_078_converged.cif,3.162277659755799e-08,65
mp-23295.cif,CSPML_chgnet/CHGNet_relax/mp-23295\RbCl_079_converged.cif,2.449489717046045e-08,66
mp-23295.cif,CSPML_chgnet/CHGNet_relax/mp-23295\RbCl_080_converged.cif,5.656854215545779e-08,67
mp-23295.cif,CSPML_chgnet/CHGNet_relax/mp-23295\RbCl_081_converged.cif,8.602326318107184e-08,68
mp-23295.cif,CSPML_chgnet/CHGNet_relax/mp-23295\RbCl_082_converged.cif,4.8989791684962226e-08,69
mp-23295.cif,CSPML_chgnet/CHGNet_relax/mp-23295\RbCl_083_converged.cif,3.741657500719648e-08,70
mp-23295.cif,CSPML_chgnet/CHGNet_relax/mp-23295\RbCl_084_converged.cif,7.968688323544613e-08,71
mp-23295.cif,CSPML_chgnet/CHGNet_relax/mp-23295\RbCl_085_converged.cif,6.964194112051206e-08,72
mp-23295.cif,CSPML_chgnet/CHGNet_relax/mp-23295\RbCl_086_converged.cif,1.2247448938555493e-08,73
mp-23295.cif,CSPML_chgnet/CHGNet_relax/mp-23295\RbCl_087_converged.cif,4.472135604614758e-08,74
mp-23295.cif,CSPML_chgnet/CHGNet_relax/mp-23295\RbCl_089_converged.cif,4.301162367774507e-08,75
mp-23295.cif,CSPML_chgnet/CHGNet_relax/mp-23295\RbCl_091_converged.cif,1.5748014279564874e-07,76
mp-23295.cif,CSPML_chgnet/CHGNet_relax/mp-23295\RbCl_092_converged.cif,2.4494897080045807e-08,77
mp-23295.cif,CSPML_chgnet/CHGNet_relax/mp-23295\RbCl_093_converged.cif,1.4142136556410822e-08,78
mp-23295.cif,CSPML_chgnet/CHGNet_relax/mp-23295\RbCl_094_converged.cif,4.6904157158545776e-08,79
mp-23295.cif,CSPML_chgnet/CHGNet_relax/mp-23295\RbCl_095_converged.cif,1.4142136385185684e-08,80
mp-23295.cif,CSPML_chgnet/CHGNet_relax/mp-23295\RbCl_097_converged.cif,2.8284271487076626e-08,81
mp-23295.cif,CSPML_chgnet/CHGNet_relax/mp-23295\RbCl_098_converged.cif,4.242640657156641e-08,82
mp-23295.cif,CSPML_chgnet/CHGNet_relax/mp-23295\RbCl_099_converged.cif,3.558089670057884e-07,83
mp-23295.cif,CSPML_chgnet/CHGNet_relax/mp-23295\RbCl_100_converged.cif,3.2457660722604317e-07,84
mp-2472.cif,CSPML_chgnet/CHGNet_relax/mp-2472\SrO_001_converged.cif,6.595452698594684e-08,1
mp-2472.cif,CSPML_chgnet/CHGNet_relax/mp-2472\SrO_002_converged.cif,1.5811388781145242e-08,2
mp-2472.cif,CSPML_chgnet/CHGNet_relax/mp-2472\SrO_003_converged.cif,3.051774810321213e-08,3
mp-2472.cif,CSPML_chgnet/CHGNet_relax/mp-2472\SrO_004_converged.cif,3.674234793001136e-08,4
mp-2472.cif,CSPML_chgnet/CHGNet_relax/mp-2472\SrO_005_converged.cif,1.106797125624771e-07,5
mp-2472.cif,CSPML_chgnet/CHGNet_relax/mp-2472\SrO_006_converged.cif,4.6904163301009526e-08,6
mp-2472.cif,CSPML_chgnet/CHGNet_relax/mp-2472\SrO_008_converged.cif,6.819090454260813e-08,7
mp-2472.cif,CSPML_chgnet/CHGNet_relax/mp-2472\SrO_009_converged.cif,4.472135990349403e-08,8
mp-2472.cif,CSPML_chgnet/CHGNet_relax/mp-2472\SrO_010_converged.cif,1.414213621729955e-08,9
mp-2472.cif,CSPML_chgnet/CHGNet_relax/mp-2472\SrO_012_converged.cif,5.099020206915595e-08,10
mp-2472.cif,CSPML_chgnet/CHGNet_relax/mp-2472\SrO_013_converged.cif,5.787919385251733e-08,11
mp-2472.cif,CSPML_chgnet/CHGNet_relax/mp-2472\SrO_015_converged.cif,2.5495095909458827e-08,12
mp-2472.cif,CSPML_chgnet/CHGNet_relax/mp-2472\SrO_016_converged.cif,6.442050222394115e-08,13
mp-2472.cif,CSPML_chgnet/CHGNet_relax/mp-2472\SrO_017_converged.cif,2.449489970573676e-08,14
mp-2472.cif,CSPML_chgnet/CHGNet_relax/mp-2472\SrO_018_converged.cif,4.8476798712147516e-08,15
mp-2472.cif,CSPML_chgnet/CHGNet_relax/mp-2472\SrO_019_converged.cif,6.403125303736451e-08,16
mp-2472.cif,CSPML_chgnet/CHGNet_relax/mp-2472\SrO_020_converged.cif,2.000000079726069e-08,17
mp-2472.cif,CSPML_chgnet/CHGNet_relax/mp-2472\SrO_021_converged.cif,1.4142137734916296e-08,18
mp-2472.cif,CSPML_chgnet/CHGNet_relax/mp-2472\SrO_023_converged.cif,2.4494898075664473e-08,19
mp-2472.cif,CSPML_chgnet/CHGNet_relax/mp-2472\SrO_024_converged.cif,4.9497481356334976e-08,20
mp-2472.cif,CSPML_chgnet/CHGNet_relax/mp-2472\SrO_025_converged.cif,1.4142135292293395e-08,21
mp-2472.cif,CSPML_chgnet/CHGNet_relax/mp-2472\SrO_026_converged.cif,3.9370034772160435e-08,22
mp-2472.cif,CSPML_chgnet/CHGNet_relax/mp-2472\SrO_027_converged.cif,1.4142135236895599e-08,23
mp-2472.cif,CSPML_chgnet/CHGNet_relax/mp-2472\SrO_028_converged.cif,3.741657446081771e-08,24
mp-2472.cif,CSPML_chgnet/CHGNet_relax/mp-2472\SrO_029_converged.cif,6.041523286254438e-08,25
mp-2472.cif,CSPML_chgnet/CHGNet_relax/mp-2472\SrO_030_converged.cif,5.09901900989866e-08,26
mp-2472.cif,CSPML_chgnet/CHGNet_relax/mp-2472\SrO_031_converged.cif,3.7416571129452054e-08,27
mp-2472.cif,CSPML_chgnet/CHGNet_relax/mp-2472\SrO_032_converged.cif,5.830952411845109e-08,28
mp-2472.cif,CSPML_chgnet/CHGNet_relax/mp-2472\SrO_033_converged.cif,2.449489949296216e-08,29
mp-2472.cif,CSPML_chgnet/CHGNet_relax/mp-2472\SrO_035_converged.cif,5.099019125006454e-08,30
mp-2472.cif,CSPML_chgnet/CHGNet_relax/mp-2472\SrO_037_converged.cif,2.5495095380554335e-08,31
mp-2472.cif,CSPML_chgnet/CHGNet_relax/mp-2472\SrO_038_converged.cif,2.121320247156388e-08,32
mp-2472.cif,CSPML_chgnet/CHGNet_relax/mp-2472\SrO_039_converged.cif,8.602324499779134e-08,33
mp-2472.cif,CSPML_chgnet/CHGNet_relax/mp-2472\SrO_041_converged.cif,4.743416523964438e-08,34
mp-2472.cif,CSPML_chgnet/CHGNet_relax/mp-2472\SrO_042_converged.cif,3.674234542324701e-08,35
mp-2472.cif,CSPML_chgnet/CHGNet_relax/mp-2472\SrO_043_converged.cif,7.968688892955309e-08,36
mp-2472.cif,CSPML_chgnet/CHGNet_relax/mp-2472\SrO_044_converged.cif,1.4142135123288205e-08,37
mp-2472.cif,CSPML_chgnet/CHGNet_relax/mp-2472\SrO_045_converged.cif,2.4494899375319137e-08,38
mp-2472.cif,CSPML_chgnet/CHGNet_relax/mp-2472\SrO_046_converged.cif,2.999999743149782e-08,39
mp-2472.cif,CSPML_chgnet/CHGNet_relax/mp-2472\SrO_047_converged.cif,2.4494896534446623e-08,40
mp-2472.cif,CSPML_chgnet/CHGNet_relax/mp-2472\SrO_048_converged.cif,4.0620198425315955e-08,41
mp-2472.cif,CSPML_chgnet/CHGNet_relax/mp-2472\SrO_050_converged.cif,3.464101405348024e-08,42
mp-2472.cif,CSPML_chgnet/CHGNet_relax/mp-2472\SrO_051_converged.cif,2.4494898940050902e-08,43
mp-2472.cif,CSPML_chgnet/CHGNet_relax/mp-2472\SrO_053_converged.cif,2.549509516269583e-08,44
mp-2472.cif,CSPML_chgnet/CHGNet_relax/mp-2472\SrO_054_converged.cif,5.0990202165718714e-08,45
mp-2472.cif,CSPML_chgnet/CHGNet_relax/mp-2472\SrO_055_converged.cif,2.4494894901588653e-08,46
mp-2472.cif,CSPML_chgnet/CHGNet_relax/mp-2472\SrO_056_converged.cif,1.0368220164656856e-07,47
mp-2472.cif,CSPML_chgnet/CHGNet_relax/mp-2472\SrO_057_converged.cif,4.7434161534693705e-08,48
mp-2472.cif,CSPML_chgnet/CHGNet_relax/mp-2472\SrO_058_converged.cif,4.242640474497831e-08,49
mp-2472.cif,CSPML_chgnet/CHGNet_relax/mp-2472\SrO_061_converged.cif,1.349073815031961e-07,50
mp-2472.cif,CSPML_chgnet/CHGNet_relax/mp-2472\SrO_062_converged.cif,2.0506099340979765e-07,51
mp-2472.cif,CSPML_chgnet/CHGNet_relax/mp-2472\SrO_063_converged.cif,5.8736707772429185e-08,52
mp-2472.cif,CSPML_chgnet/CHGNet_relax/mp-2472\SrO_064_converged.cif,4.527692715739097e-08,53
mp-2472.cif,CSPML_chgnet/CHGNet_relax/mp-2472\SrO_065_converged.cif,4.472136342269086e-08,54
mp-2472.cif,CSPML_chgnet/CHGNet_relax/mp-2472\SrO_066_converged.cif,9.789409967653487e-08,55
mp-2472.cif,CSPML_chgnet/CHGNet_relax/mp-2472\SrO_067_converged.cif,6.480740524719557e-08,56
mp-2472.cif,CSPML_chgnet/CHGNet_relax/mp-2472\SrO_068_converged.cif,1.7212638170551695e-07,57
mp-2472.cif,CSPML_chgnet/CHGNet_relax/mp-2472\SrO_069_converged.cif,1.4282853563035916e-07,58
mp-2472.cif,CSPML_chgnet/CHGNet_relax/mp-2472\SrO_070_converged.cif,2.3452080032006427e-08,59
mp-2472.cif,CSPML_chgnet/CHGNet_relax/mp-2472\SrO_071_converged.cif,7.874007387915544e-08,60
mp-2472.cif,CSPML_chgnet/CHGNet_relax/mp-2472\SrO_072_converged.cif,2.9154759354542546e-08,61
mp-2472.cif,CSPML_chgnet/CHGNet_relax/mp-2472\SrO_073_converged.cif,7.071068859750566e-09,62
mp-2472.cif,CSPML_chgnet/CHGNet_relax/mp-2472\SrO_074_converged.cif,5.87367073418102e-08,63
mp-2472.cif,CSPML_chgnet/CHGNet_relax/mp-2472\SrO_075_converged.cif,2.549510185281692e-08,64
mp-2472.cif,CSPML_chgnet/CHGNet_relax/mp-2472\SrO_076_converged.cif,7.778175916214005e-08,65
mp-2472.cif,CSPML_chgnet/CHGNet_relax/mp-2472\SrO_077_converged.cif,2.5495095378458448e-08,66
mp-2472.cif,CSPML_chgnet/CHGNet_relax/mp-2472\SrO_078_converged.cif,2.0000000405392245e-08,67
mp-2472.cif,CSPML_chgnet/CHGNet_relax/mp-2472\SrO_079_converged.cif,2.1213209593162519e-07,68
mp-2472.cif,CSPML_chgnet/CHGNet_relax/mp-2472\SrO_081_converged.cif,4.4721359822747863e-08,69
mp-2472.cif,CSPML_chgnet/CHGNet_relax/mp-2472\SrO_082_converged.cif,2.607681785706727e-07,70
mp-2472.cif,CSPML_chgnet/CHGNet_relax/mp-2472\SrO_083_converged.cif,5.477225134730379e-08,71
mp-2472.cif,CSPML_chgnet/CHGNet_relax/mp-2472\SrO_084_converged.cif,1.7435597620108117e-07,72
mp-2472.cif,CSPML_chgnet/CHGNet_relax/mp-2472\SrO_086_converged.cif,2.828426977196355e-08,73
mp-2472.cif,CSPML_chgnet/CHGNet_relax/mp-2472\SrO_087_converged.cif,1.4142135748625723e-08,74
mp-2472.cif,CSPML_chgnet/CHGNet_relax/mp-2472\SrO_089_converged.cif,4.743416914088782e-08,75
mp-2472.cif,CSPML_chgnet/CHGNet_relax/mp-2472\SrO_093_converged.cif,1.4142134735096661e-08,76
mp-2472.cif,CSPML_chgnet/CHGNet_relax/mp-2472\SrO_094_converged.cif,1.4142137217027835e-08,77
mp-2472.cif,CSPML_chgnet/CHGNet_relax/mp-2472\SrO_095_converged.cif,5.5226807141747665e-08,78
mp-2472.cif,CSPML_chgnet/CHGNet_relax/mp-2472\SrO_096_converged.cif,3.162277551723549e-08,79
mp-2472.cif,CSPML_chgnet/CHGNet_relax/mp-2472\SrO_097_converged.cif,5.09901943408026e-08,80
mp-2472.cif,CSPML_chgnet/CHGNet_relax/mp-2472\SrO_098_converged.cif,2.5495095180008757e-08,81
mp-2472.cif,CSPML_chgnet/CHGNet_relax/mp-2472\SrO_099_converged.cif,3.162278145644478e-08,82
mp-2472.cif,CSPML_chgnet/CHGNet_relax/mp-2472\SrO_100_converged.cif,1.336039074902363e-07,83
mp-2534.cif,CSPML_chgnet/CHGNet_relax/mp-2534\GaAs_004_converged.cif,7.874008069301597e-08,1
mp-2534.cif,CSPML_chgnet/CHGNet_relax/mp-2534\GaAs_005_converged.cif,4.8476798412301e-08,2
mp-2534.cif,CSPML_chgnet/CHGNet_relax/mp-2534\GaAs_006_converged.cif,2.2847319520398126e-07,3
mp-2534.cif,CSPML_chgnet/CHGNet_relax/mp-2534\GaAs_007_converged.cif,1.5468201245779085e-16,4
mp-2534.cif,CSPML_chgnet/CHGNet_relax/mp-2534\GaAs_008_converged.cif,7.071067732500054e-08,5
mp-2534.cif,CSPML_chgnet/CHGNet_relax/mp-2534\GaAs_011_converged.cif,2.922327491186593e-07,6
mp-2534.cif,CSPML_chgnet/CHGNet_relax/mp-2534\GaAs_012_converged.cif,1.545663552541239e-16,7
mp-2534.cif,CSPML_chgnet/CHGNet_relax/mp-2534\GaAs_015_converged.cif,3.162277576474732e-08,8
mp-2534.cif,CSPML_chgnet/CHGNet_relax/mp-2534\GaAs_017_converged.cif,1.4142135238126925e-08,9
mp-2534.cif,CSPML_chgnet/CHGNet_relax/mp-2534\GaAs_018_converged.cif,3.464101453006592e-08,10
mp-2534.cif,CSPML_chgnet/CHGNet_relax/mp-2534\GaAs_019_converged.cif,6.16441369681468e-07,11
mp-2534.cif,CSPML_chgnet/CHGNet_relax/mp-2534\GaAs_023_converged.cif,1.1224972421331498e-07,12
mp-2534.cif,CSPML_chgnet/CHGNet_relax/mp-2534\GaAs_030_converged.cif,5.158971669281204e-07,13
mp-2534.cif,CSPML_chgnet/CHGNet_relax/mp-2534\GaAs_035_converged.cif,6.164414097600835e-08,14
mp-2534.cif,CSPML_chgnet/CHGNet_relax/mp-2534\GaAs_036_converged.cif,1.2083045793889946e-07,15
mp-2534.cif,CSPML_chgnet/CHGNet_relax/mp-2534\GaAs_065_converged.cif,0.0016546876607569725,16
mp-2534.cif,CSPML_chgnet/CHGNet_relax/mp-2534\GaAs_067_converged.cif,1.6309506212893528e-07,17
mp-2534.cif,CSPML_chgnet/CHGNet_relax/mp-2534\GaAs_088_converged.cif,4.847679999178001e-08,18
mp-2542.cif,CSPML_chgnet/CHGNet_relax/mp-2542\BeO_014_converged.cif,0.0002826294567442339,1
mp-2542.cif,CSPML_chgnet/CHGNet_relax/mp-2542\BeO_023_converged.cif,0.00031569041888070083,2
mp-2542.cif,CSPML_chgnet/CHGNet_relax/mp-2542\BeO_051_converged.cif,0.1521743572279976,3
mp-2542.cif,CSPML_chgnet/CHGNet_relax/mp-2542\BeO_070_converged.cif,0.0024403065052395097,4
mp-2542.cif,CSPML_chgnet/CHGNet_relax/mp-2542\BeO_079_converged.cif,0.0006350056022746836,5
mp-2542.cif,CSPML_chgnet/CHGNet_relax/mp-2542\BeO_084_converged.cif,8.170564406036814e-05,6
mp-2542.cif,CSPML_chgnet/CHGNet_relax/mp-2542\BeO_097_converged.cif,0.0018795094425294173,7
mp-2542.cif,CSPML_chgnet/CHGNet_relax/mp-2542\BeO_098_converged.cif,0.0015191576113399272,8
mp-2605.cif,CSPML_chgnet/CHGNet_relax/mp-2605\CaO_001_converged.cif,1.414213392560817e-08,1
mp-2605.cif,CSPML_chgnet/CHGNet_relax/mp-2605\CaO_002_converged.cif,1.5811387709345173e-08,2
mp-2605.cif,CSPML_chgnet/CHGNet_relax/mp-2605\CaO_003_converged.cif,1.379930067773984e-16,3
mp-2605.cif,CSPML_chgnet/CHGNet_relax/mp-2605\CaO_004_converged.cif,1.8708285835719223e-08,4
mp-2605.cif,CSPML_chgnet/CHGNet_relax/mp-2605\CaO_005_converged.cif,3.674234421278557e-08,5
mp-2605.cif,CSPML_chgnet/CHGNet_relax/mp-2605\CaO_006_converged.cif,2.8284272974676178e-08,6
mp-2605.cif,CSPML_chgnet/CHGNet_relax/mp-2605\CaO_007_converged.cif,3.240370368207338e-08,7
mp-2605.cif,CSPML_chgnet/CHGNet_relax/mp-2605\CaO_008_converged.cif,7.07106683493626e-09,8
mp-2605.cif,CSPML_chgnet/CHGNet_relax/mp-2605\CaO_010_converged.cif,1.4142133931917091e-08,9
mp-2605.cif,CSPML_chgnet/CHGNet_relax/mp-2605\CaO_011_converged.cif,7.071066856523914e-09,10
mp-2605.cif,CSPML_chgnet/CHGNet_relax/mp-2605\CaO_013_converged.cif,1.3656498691762188e-07,11
mp-2605.cif,CSPML_chgnet/CHGNet_relax/mp-2605\CaO_016_converged.cif,1.999999925197545e-08,12
mp-2605.cif,CSPML_chgnet/CHGNet_relax/mp-2605\CaO_017_converged.cif,1.2247449160341052e-08,13
mp-2605.cif,CSPML_chgnet/CHGNet_relax/mp-2605\CaO_018_converged.cif,3.674234767911727e-08,14
mp-2605.cif,CSPML_chgnet/CHGNet_relax/mp-2605\CaO_019_converged.cif,3.5355339948879726e-08,15
mp-2605.cif,CSPML_chgnet/CHGNet_relax/mp-2605\CaO_020_converged.cif,3.0822067559207255e-08,16
mp-2605.cif,CSPML_chgnet/CHGNet_relax/mp-2605\CaO_021_converged.cif,1.3785512671024204e-16,17
mp-2605.cif,CSPML_chgnet/CHGNet_relax/mp-2605\CaO_023_converged.cif,4.667376073766238e-08,18
mp-2605.cif,CSPML_chgnet/CHGNet_relax/mp-2605\CaO_024_converged.cif,1.2727922744417853e-07,19
mp-2605.cif,CSPML_chgnet/CHGNet_relax/mp-2605\CaO_025_converged.cif,3.523140260070635e-08,20
mp-2605.cif,CSPML_chgnet/CHGNet_relax/mp-2605\CaO_026_converged.cif,3.162277351492321e-08,21
mp-2605.cif,CSPML_chgnet/CHGNet_relax/mp-2605\CaO_027_converged.cif,4.062019945119101e-08,22
mp-2605.cif,CSPML_chgnet/CHGNet_relax/mp-2605\CaO_031_converged.cif,7.211102160033399e-08,23
mp-2605.cif,CSPML_chgnet/CHGNet_relax/mp-2605\CaO_033_converged.cif,8.573213725163085e-08,24
mp-2605.cif,CSPML_chgnet/CHGNet_relax/mp-2605\CaO_034_converged.cif,6.506954121048763e-17,25
mp-2605.cif,CSPML_chgnet/CHGNet_relax/mp-2605\CaO_035_converged.cif,1.7209778893202912e-16,26
mp-2605.cif,CSPML_chgnet/CHGNet_relax/mp-2605\CaO_039_converged.cif,5.6124858020300106e-08,27
mp-2605.cif,CSPML_chgnet/CHGNet_relax/mp-2605\CaO_040_converged.cif,3.60555104280756e-08,28
mp-2605.cif,CSPML_chgnet/CHGNet_relax/mp-2605\CaO_041_converged.cif,2.4494895062796553e-08,29
mp-2605.cif,CSPML_chgnet/CHGNet_relax/mp-2605\CaO_042_converged.cif,1.496662706014752e-07,30
mp-2605.cif,CSPML_chgnet/CHGNet_relax/mp-2605\CaO_043_converged.cif,7.0710669829820625e-09,31
mp-2605.cif,CSPML_chgnet/CHGNet_relax/mp-2605\CaO_044_converged.cif,1.1291591540504077e-07,32
mp-2605.cif,CSPML_chgnet/CHGNet_relax/mp-2605\CaO_045_converged.cif,1.414213618733069e-08,33
mp-2605.cif,CSPML_chgnet/CHGNet_relax/mp-2605\CaO_046_converged.cif,2.7386131348558154e-08,34
mp-2605.cif,CSPML_chgnet/CHGNet_relax/mp-2605\CaO_047_converged.cif,2.466779538521005e-07,35
mp-2605.cif,CSPML_chgnet/CHGNet_relax/mp-2605\CaO_048_converged.cif,8.24621133962497e-08,36
mp-2605.cif,CSPML_chgnet/CHGNet_relax/mp-2605\CaO_049_converged.cif,1.5264339559205523e-07,37
mp-2605.cif,CSPML_chgnet/CHGNet_relax/mp-2605\CaO_050_converged.cif,1.1224971403363607e-07,38
mp-2605.cif,CSPML_chgnet/CHGNet_relax/mp-2605\CaO_051_converged.cif,1.0700466121598407e-07,39
mp-2605.cif,CSPML_chgnet/CHGNet_relax/mp-2605\CaO_052_converged.cif,2.1494187135947403e-07,40
mp-2605.cif,CSPML_chgnet/CHGNet_relax/mp-2605\CaO_054_converged.cif,6.499632711604204e-17,41
mp-2605.cif,CSPML_chgnet/CHGNet_relax/mp-2605\CaO_055_converged.cif,3.5376546761114543e-07,42
mp-2605.cif,CSPML_chgnet/CHGNet_relax/mp-2605\CaO_057_converged.cif,5.0990193534817305e-08,43
mp-2605.cif,CSPML_chgnet/CHGNet_relax/mp-2605\CaO_058_converged.cif,2.449489493904634e-08,44
mp-2605.cif,CSPML_chgnet/CHGNet_relax/mp-2605\CaO_059_converged.cif,1.9013150201681185e-07,45
mp-2605.cif,CSPML_chgnet/CHGNet_relax/mp-2605\CaO_060_converged.cif,2.546566230554464e-07,46
mp-2605.cif,CSPML_chgnet/CHGNet_relax/mp-2605\CaO_061_converged.cif,1.6109004896006657e-07,47
mp-2605.cif,CSPML_chgnet/CHGNet_relax/mp-2605\CaO_062_converged.cif,7.071067979599294e-09,48
mp-2605.cif,CSPML_chgnet/CHGNet_relax/mp-2605\CaO_064_converged.cif,5.853630717181242e-07,49
mp-2605.cif,CSPML_chgnet/CHGNet_relax/mp-2605\CaO_066_converged.cif,7.874007648437115e-08,50
mp-2605.cif,CSPML_chgnet/CHGNet_relax/mp-2605\CaO_067_converged.cif,1.870828789276043e-08,51
mp-2605.cif,CSPML_chgnet/CHGNet_relax/mp-2605\CaO_068_converged.cif,1.5215122347862797e-07,52
mp-2605.cif,CSPML_chgnet/CHGNet_relax/mp-2605\CaO_069_converged.cif,1.9685016829166864e-07,53
mp-2605.cif,CSPML_chgnet/CHGNet_relax/mp-2605\CaO_071_converged.cif,1.8055468756466252e-07,54
mp-2605.cif,CSPML_chgnet/CHGNet_relax/mp-2605\CaO_072_converged.cif,7.071068246402254e-09,55
mp-2605.cif,CSPML_chgnet/CHGNet_relax/mp-2605\CaO_073_converged.cif,6.745368970211936e-08,56
mp-2605.cif,CSPML_chgnet/CHGNet_relax/mp-2605\CaO_074_converged.cif,1.0319883259070038e-07,57
mp-2605.cif,CSPML_chgnet/CHGNet_relax/mp-2605\CaO_075_converged.cif,6.745367497160306e-08,58
mp-2605.cif,CSPML_chgnet/CHGNet_relax/mp-2605\CaO_076_converged.cif,7.071068150867704e-08,59
mp-2605.cif,CSPML_chgnet/CHGNet_relax/mp-2605\CaO_077_converged.cif,2.204540959992749e-07,60
mp-2605.cif,CSPML_chgnet/CHGNet_relax/mp-2605\CaO_078_converged.cif,5.254998047660088e-07,61
mp-2605.cif,CSPML_chgnet/CHGNet_relax/mp-2605\CaO_079_converged.cif,1.2569805635239878e-07,62
mp-2605.cif,CSPML_chgnet/CHGNet_relax/mp-2605\CaO_080_converged.cif,2.4494899238407365e-08,63
mp-2605.cif,CSPML_chgnet/CHGNet_relax/mp-2605\CaO_081_converged.cif,7.382412105698005e-08,64
mp-2605.cif,CSPML_chgnet/CHGNet_relax/mp-2605\CaO_082_converged.cif,1.1661904294889325e-07,65
mp-2605.cif,CSPML_chgnet/CHGNet_relax/mp-2605\CaO_083_converged.cif,1.4142133543539538e-08,66
mp-2605.cif,CSPML_chgnet/CHGNet_relax/mp-2605\CaO_085_converged.cif,6.595453527270883e-08,67
mp-2605.cif,CSPML_chgnet/CHGNet_relax/mp-2605\CaO_086_converged.cif,7.0710678335293775e-09,68
mp-2605.cif,CSPML_chgnet/CHGNet_relax/mp-2605\CaO_087_converged.cif,2.5189283773737837e-07,69
mp-2605.cif,CSPML_chgnet/CHGNet_relax/mp-2605\CaO_088_converged.cif,2.0112185467640654e-07,70
mp-2605.cif,CSPML_chgnet/CHGNet_relax/mp-2605\CaO_090_converged.cif,3.140063400311803e-07,71
mp-2605.cif,CSPML_chgnet/CHGNet_relax/mp-2605\CaO_095_converged.cif,5.52267965782891e-08,72
mp-2605.cif,CSPML_chgnet/CHGNet_relax/mp-2605\CaO_096_converged.cif,2.47487391615628e-07,73
mp-2605.cif,CSPML_chgnet/CHGNet_relax/mp-2605\CaO_097_converged.cif,5.612485999839676e-08,74
mp-2605.cif,CSPML_chgnet/CHGNet_relax/mp-2605\CaO_099_converged.cif,4.781736177388017e-07,75
mp-2605.cif,CSPML_chgnet/CHGNet_relax/mp-2605\CaO_100_converged.cif,1.334166349802525e-07,76
mp-406.cif,CSPML_chgnet/CHGNet_relax/mp-406\CdTe_001_converged.cif,4.062634462981144e-07,1
mp-406.cif,CSPML_chgnet/CHGNet_relax/mp-406\CdTe_002_converged.cif,4.4654232792534924e-07,2
mp-406.cif,CSPML_chgnet/CHGNet_relax/mp-406\CdTe_003_converged.cif,2.1863209853391124e-07,3
mp-406.cif,CSPML_chgnet/CHGNet_relax/mp-406\CdTe_004_converged.cif,4.168933538402798e-07,4
mp-406.cif,CSPML_chgnet/CHGNet_relax/mp-406\CdTe_005_converged.cif,3.0097550602866903e-16,5
mp-406.cif,CSPML_chgnet/CHGNet_relax/mp-406\CdTe_006_converged.cif,6.982835063418797e-07,6
mp-406.cif,CSPML_chgnet/CHGNet_relax/mp-406\CdTe_008_converged.cif,4.2426402192207904e-08,7
mp-406.cif,CSPML_chgnet/CHGNet_relax/mp-406\CdTe_009_converged.cif,1.0479505216077702e-06,8
mp-406.cif,CSPML_chgnet/CHGNet_relax/mp-406\CdTe_011_converged.cif,5.472203691314333e-07,9
mp-406.cif,CSPML_chgnet/CHGNet_relax/mp-406\CdTe_014_converged.cif,2.839014453655065e-07,10
mp-406.cif,CSPML_chgnet/CHGNet_relax/mp-406\CdTe_016_converged.cif,3.664013791409907e-07,11
mp-406.cif,CSPML_chgnet/CHGNet_relax/mp-406\CdTe_017_converged.cif,6.406246790225825e-07,12
mp-406.cif,CSPML_chgnet/CHGNet_relax/mp-406\CdTe_018_converged.cif,6.475724956150615e-07,13
mp-406.cif,CSPML_chgnet/CHGNet_relax/mp-406\CdTe_023_converged.cif,1.3341663223335405e-07,14
mp-406.cif,CSPML_chgnet/CHGNet_relax/mp-406\CdTe_024_converged.cif,4.1018302598934586e-07,15
mp-406.cif,CSPML_chgnet/CHGNet_relax/mp-406\CdTe_027_converged.cif,5.880476503370865e-07,16
mp-406.cif,CSPML_chgnet/CHGNet_relax/mp-406\CdTe_028_converged.cif,1.3638911088228803e-06,17
mp-406.cif,CSPML_chgnet/CHGNet_relax/mp-406\CdTe_035_converged.cif,3.078961539527145e-07,18
mp-406.cif,CSPML_chgnet/CHGNet_relax/mp-406\CdTe_037_converged.cif,9.486832639270387e-08,19
mp-406.cif,CSPML_chgnet/CHGNet_relax/mp-406\CdTe_046_converged.cif,1.8055468893085032e-07,20
mp-406.cif,CSPML_chgnet/CHGNet_relax/mp-406\CdTe_073_converged.cif,3.082290392400179e-16,21
mp-406.cif,CSPML_chgnet/CHGNet_relax/mp-406\CdTe_094_converged.cif,1.9999998184841412e-08,22
mp-422.cif,CSPML_chgnet/CHGNet_relax/mp-422\BeS_001_converged.cif,1.3490738187954619e-07,1
mp-422.cif,CSPML_chgnet/CHGNet_relax/mp-422\BeS_002_converged.cif,4.30116276063543e-08,2
mp-422.cif,CSPML_chgnet/CHGNet_relax/mp-422\BeS_005_converged.cif,1.122497261877088e-07,3
mp-422.cif,CSPML_chgnet/CHGNet_relax/mp-422\BeS_006_converged.cif,2.000000014509662e-08,4
mp-422.cif,CSPML_chgnet/CHGNet_relax/mp-422\BeS_007_converged.cif,3.741657937081364e-08,5
mp-422.cif,CSPML_chgnet/CHGNet_relax/mp-422\BeS_008_converged.cif,4.4721357844258906e-08,6
mp-422.cif,CSPML_chgnet/CHGNet_relax/mp-422\BeS_009_converged.cif,2.4494896613828427e-08,7
mp-422.cif,CSPML_chgnet/CHGNet_relax/mp-422\BeS_010_converged.cif,9.669540357425345e-08,8
mp-422.cif,CSPML_chgnet/CHGNet_relax/mp-422\BeS_012_converged.cif,2.1213201144242108e-08,9
mp-422.cif,CSPML_chgnet/CHGNet_relax/mp-422\BeS_021_converged.cif,5.830951762241143e-08,10
mp-422.cif,CSPML_chgnet/CHGNet_relax/mp-422\BeS_025_converged.cif,8.39642755116324e-08,11
mp-422.cif,CSPML_chgnet/CHGNet_relax/mp-422\BeS_026_converged.cif,2.0627653371350372e-07,12
mp-422.cif,CSPML_chgnet/CHGNet_relax/mp-422\BeS_028_converged.cif,6.164412895942208e-08,13
mp-422.cif,CSPML_chgnet/CHGNet_relax/mp-422\BeS_031_converged.cif,0.16754127445383163,14
mp-422.cif,CSPML_chgnet/CHGNet_relax/mp-422\BeS_036_converged.cif,1.4142137405863125e-08,15
mp-422.cif,CSPML_chgnet/CHGNet_relax/mp-422\BeS_038_converged.cif,0.002342088606326231,16
mp-422.cif,CSPML_chgnet/CHGNet_relax/mp-422\BeS_042_converged.cif,0.0016294162147726086,17
mp-422.cif,CSPML_chgnet/CHGNet_relax/mp-422\BeS_044_converged.cif,3.162277393916764e-08,18
mp-422.cif,CSPML_chgnet/CHGNet_relax/mp-422\BeS_050_converged.cif,0.0017783715664659299,19
mp-422.cif,CSPML_chgnet/CHGNet_relax/mp-422\BeS_056_converged.cif,0.007059882112986164,20
mp-422.cif,CSPML_chgnet/CHGNet_relax/mp-422\BeS_057_converged.cif,0.0025024662795697684,21
mp-422.cif,CSPML_chgnet/CHGNet_relax/mp-422\BeS_060_converged.cif,5.0990184367774044e-08,22
mp-422.cif,CSPML_chgnet/CHGNet_relax/mp-422\BeS_070_converged.cif,1.9999999562104084e-08,23
mp-422.cif,CSPML_chgnet/CHGNet_relax/mp-422\BeS_071_converged.cif,0.007450756361497484,24
mp-422.cif,CSPML_chgnet/CHGNet_relax/mp-422\BeS_072_converged.cif,0.008078137940949337,25
mp-422.cif,CSPML_chgnet/CHGNet_relax/mp-422\BeS_075_converged.cif,0.003376226571982299,26
mp-422.cif,CSPML_chgnet/CHGNet_relax/mp-422\BeS_078_converged.cif,0.00497377405320269,27
mp-422.cif,CSPML_chgnet/CHGNet_relax/mp-422\BeS_081_converged.cif,0.00939650741517903,28
mp-422.cif,CSPML_chgnet/CHGNet_relax/mp-422\BeS_083_converged.cif,0.008512149345061606,29
mp-422.cif,CSPML_chgnet/CHGNet_relax/mp-422\BeS_084_converged.cif,2.0000000572303704e-08,30
mp-422.cif,CSPML_chgnet/CHGNet_relax/mp-422\BeS_087_converged.cif,0.006886895978170478,31
mp-422.cif,CSPML_chgnet/CHGNet_relax/mp-422\BeS_088_converged.cif,0.0037335110991677046,32
mp-422.cif,CSPML_chgnet/CHGNet_relax/mp-422\BeS_092_converged.cif,0.004933762554174267,33
mp-422.cif,CSPML_chgnet/CHGNet_relax/mp-422\BeS_093_converged.cif,0.0015305854392103934,34
mp-422.cif,CSPML_chgnet/CHGNet_relax/mp-422\BeS_094_converged.cif,0.006045468267487857,35
mp-422.cif,CSPML_chgnet/CHGNet_relax/mp-422\BeS_095_converged.cif,0.004620011441011961,36
mp-422.cif,CSPML_chgnet/CHGNet_relax/mp-422\BeS_096_converged.cif,0.00019779090811617564,37
mp-422.cif,CSPML_chgnet/CHGNet_relax/mp-422\BeS_097_converged.cif,0.0032712574719552896,38
mp-422.cif,CSPML_chgnet/CHGNet_relax/mp-422\BeS_098_converged.cif,0.003756407727182205,39
mp-422.cif,CSPML_chgnet/CHGNet_relax/mp-422\BeS_099_converged.cif,0.002056958365612764,40
mp-422.cif,CSPML_chgnet/CHGNet_relax/mp-422\BeS_100_converged.cif,0.004639225420728117,41
mp-463.cif,CSPML_chgnet/CHGNet_relax/mp-463\KF_002_converged.cif,3.741657164096146e-08,1
mp-463.cif,CSPML_chgnet/CHGNet_relax/mp-463\KF_003_converged.cif,5.099019424024849e-08,2
mp-463.cif,CSPML_chgnet/CHGNet_relax/mp-463\KF_004_converged.cif,3.741657282645291e-08,3
mp-463.cif,CSPML_chgnet/CHGNet_relax/mp-463\KF_005_converged.cif,3.162277577514928e-08,4
mp-463.cif,CSPML_chgnet/CHGNet_relax/mp-463\KF_006_converged.cif,5.099018630310432e-08,5
mp-463.cif,CSPML_chgnet/CHGNet_relax/mp-463\KF_007_converged.cif,1.4142136008038398e-08,6
mp-463.cif,CSPML_chgnet/CHGNet_relax/mp-463\KF_008_converged.cif,2.1389250389922115e-07,7
mp-463.cif,CSPML_chgnet/CHGNet_relax/mp-463\KF_009_converged.cif,1.0173495143310755e-07,8
mp-463.cif,CSPML_chgnet/CHGNet_relax/mp-463\KF_010_converged.cif,5.7879186846146836e-08,9
mp-463.cif,CSPML_chgnet/CHGNet_relax/mp-463\KF_012_converged.cif,5.999999653766187e-08,10
mp-463.cif,CSPML_chgnet/CHGNet_relax/mp-463\KF_013_converged.cif,7.882635844152927e-08,11
mp-463.cif,CSPML_chgnet/CHGNet_relax/mp-463\KF_014_converged.cif,4.472135843109361e-08,12
mp-463.cif,CSPML_chgnet/CHGNet_relax/mp-463\KF_015_converged.cif,6.00000027139296e-08,13
mp-463.cif,CSPML_chgnet/CHGNet_relax/mp-463\KF_016_converged.cif,7.87400694086798e-08,14
mp-463.cif,CSPML_chgnet/CHGNet_relax/mp-463\KF_017_converged.cif,1.4142135092416058e-08,15
mp-463.cif,CSPML_chgnet/CHGNet_relax/mp-463\KF_018_converged.cif,1.435270109591274e-07,16
mp-463.cif,CSPML_chgnet/CHGNet_relax/mp-463\KF_020_converged.cif,7.615772898962342e-08,17
mp-463.cif,CSPML_chgnet/CHGNet_relax/mp-463\KF_021_converged.cif,9.273618642384326e-08,18
mp-463.cif,CSPML_chgnet/CHGNet_relax/mp-463\KF_022_converged.cif,2.0000000725229696e-08,19
mp-463.cif,CSPML_chgnet/CHGNet_relax/mp-463\KF_024_converged.cif,4.2426405275220386e-08,20
mp-463.cif,CSPML_chgnet/CHGNet_relax/mp-463\KF_025_converged.cif,2.3021728533880037e-07,21
mp-463.cif,CSPML_chgnet/CHGNet_relax/mp-463\KF_026_converged.cif,2.8284265703410324e-08,22
mp-463.cif,CSPML_chgnet/CHGNet_relax/mp-463\KF_027_converged.cif,2.828427092985184e-08,23
mp-463.cif,CSPML_chgnet/CHGNet_relax/mp-463\KF_028_converged.cif,1.15758372812641e-07,24
mp-463.cif,CSPML_chgnet/CHGNet_relax/mp-463\KF_029_converged.cif,1.2247449046005089e-08,25
mp-463.cif,CSPML_chgnet/CHGNet_relax/mp-463\KF_030_converged.cif,2.1213202731237036e-08,26
mp-463.cif,CSPML_chgnet/CHGNet_relax/mp-463\KF_031_converged.cif,1.4335272285878026e-07,27
mp-463.cif,CSPML_chgnet/CHGNet_relax/mp-463\KF_032_converged.cif,2.5495095512756617e-08,28
mp-463.cif,CSPML_chgnet/CHGNet_relax/mp-463\KF_033_converged.cif,4.0620191803108076e-08,29
mp-463.cif,CSPML_chgnet/CHGNet_relax/mp-463\KF_034_converged.cif,1.7790446137933728e-07,30
mp-463.cif,CSPML_chgnet/CHGNet_relax/mp-463\KF_036_converged.cif,9.695359361690173e-08,31
mp-463.cif,CSPML_chgnet/CHGNet_relax/mp-463\KF_038_converged.cif,5.477226263102152e-08,32
mp-463.cif,CSPML_chgnet/CHGNet_relax/mp-463\KF_039_converged.cif,1.760681486551623e-07,33
mp-463.cif,CSPML_chgnet/CHGNet_relax/mp-463\KF_040_converged.cif,1.4142136105723953e-08,34
mp-463.cif,CSPML_chgnet/CHGNet_relax/mp-463\KF_041_converged.cif,3.7416578121622974e-08,35
mp-463.cif,CSPML_chgnet/CHGNet_relax/mp-463\KF_042_converged.cif,1.6355426674393733e-07,36
mp-463.cif,CSPML_chgnet/CHGNet_relax/mp-463\KF_043_converged.cif,7.035623400348584e-08,37
mp-463.cif,CSPML_chgnet/CHGNet_relax/mp-463\KF_044_converged.cif,2.1021299421810791e-16,38
mp-463.cif,CSPML_chgnet/CHGNet_relax/mp-463\KF_045_converged.cif,1.4827423963035656e-16,39
mp-463.cif,CSPML_chgnet/CHGNet_relax/mp-463\KF_046_converged.cif,1.3910427834987114e-07,40
mp-463.cif,CSPML_chgnet/CHGNet_relax/mp-463\KF_047_converged.cif,2.4494897712794917e-08,41
mp-463.cif,CSPML_chgnet/CHGNet_relax/mp-463\KF_048_converged.cif,6.324555743243487e-08,42
mp-463.cif,CSPML_chgnet/CHGNet_relax/mp-463\KF_049_converged.cif,1.111305673560751e-07,43
mp-463.cif,CSPML_chgnet/CHGNet_relax/mp-463\KF_050_converged.cif,8.366599528720945e-08,44
mp-463.cif,CSPML_chgnet/CHGNet_relax/mp-463\KF_051_converged.cif,5.8309513344032197e-08,45
mp-463.cif,CSPML_chgnet/CHGNet_relax/mp-463\KF_053_converged.cif,1.1045361417167479e-07,46
mp-463.cif,CSPML_chgnet/CHGNet_relax/mp-463\KF_056_converged.cif,5.477225179436798e-08,47
mp-463.cif,CSPML_chgnet/CHGNet_relax/mp-463\KF_057_converged.cif,1.691153486568139e-07,48
mp-463.cif,CSPML_chgnet/CHGNet_relax/mp-463\KF_058_converged.cif,2.960574425371647e-07,49
mp-463.cif,CSPML_chgnet/CHGNet_relax/mp-463\KF_059_converged.cif,3.2496153161610113e-07,50
mp-463.cif,CSPML_chgnet/CHGNet_relax/mp-463\KF_060_converged.cif,2.8248899665636577e-07,51
mp-463.cif,CSPML_chgnet/CHGNet_relax/mp-463\KF_061_converged.cif,7.071067845099621e-08,52
mp-463.cif,CSPML_chgnet/CHGNet_relax/mp-463\KF_062_converged.cif,3.7416570491140354e-08,53
mp-463.cif,CSPML_chgnet/CHGNet_relax/mp-463\KF_064_converged.cif,3.741657444297002e-08,54
mp-463.cif,CSPML_chgnet/CHGNet_relax/mp-463\KF_066_converged.cif,2.4494893890338573e-08,55
mp-463.cif,CSPML_chgnet/CHGNet_relax/mp-463\KF_068_converged.cif,8.396427633029877e-08,56
mp-463.cif,CSPML_chgnet/CHGNet_relax/mp-463\KF_069_converged.cif,8.427748168273582e-08,57
mp-463.cif,CSPML_chgnet/CHGNet_relax/mp-463\KF_070_converged.cif,1.0559354901245398e-07,58
mp-463.cif,CSPML_chgnet/CHGNet_relax/mp-463\KF_071_converged.cif,2.789661379298636e-16,59
mp-463.cif,CSPML_chgnet/CHGNet_relax/mp-463\KF_072_converged.cif,2.1679484377586216e-07,60
mp-463.cif,CSPML_chgnet/CHGNet_relax/mp-463\KF_073_converged.cif,1.8708285736225953e-08,61
mp-463.cif,CSPML_chgnet/CHGNet_relax/mp-463\KF_074_converged.cif,2.34520818216167e-08,62
mp-463.cif,CSPML_chgnet/CHGNet_relax/mp-463\KF_075_converged.cif,5.830951640944121e-08,63
mp-463.cif,CSPML_chgnet/CHGNet_relax/mp-463\KF_076_converged.cif,1.484335559632314e-16,64
mp-463.cif,CSPML_chgnet/CHGNet_relax/mp-463\KF_077_converged.cif,1.7306066292409048e-07,65
mp-463.cif,CSPML_chgnet/CHGNet_relax/mp-463\KF_078_converged.cif,2.785677346500148e-07,66
mp-463.cif,CSPML_chgnet/CHGNet_relax/mp-463\KF_079_converged.cif,1.1575836758247084e-07,67
mp-463.cif,CSPML_chgnet/CHGNet_relax/mp-463\KF_080_converged.cif,8.124038579963282e-08,68
mp-463.cif,CSPML_chgnet/CHGNet_relax/mp-463\KF_081_converged.cif,4.000000247936676e-08,69
mp-463.cif,CSPML_chgnet/CHGNet_relax/mp-463\KF_082_converged.cif,1.6309507775848564e-07,70
mp-463.cif,CSPML_chgnet/CHGNet_relax/mp-463\KF_083_converged.cif,2.059125928483464e-07,71
mp-463.cif,CSPML_chgnet/CHGNet_relax/mp-463\KF_084_converged.cif,1.9912308841064724e-07,72
mp-463.cif,CSPML_chgnet/CHGNet_relax/mp-463\KF_085_converged.cif,1.097724860971874e-07,73
mp-463.cif,CSPML_chgnet/CHGNet_relax/mp-463\KF_086_converged.cif,0.010149404646841964,74
mp-463.cif,CSPML_chgnet/CHGNet_relax/mp-463\KF_087_converged.cif,3.5355343502307017e-08,75
mp-463.cif,CSPML_chgnet/CHGNet_relax/mp-463\KF_090_converged.cif,2.073644040337503e-07,76
mp-463.cif,CSPML_chgnet/CHGNet_relax/mp-463\KF_091_converged.cif,7.874007369439628e-08,77
mp-463.cif,CSPML_chgnet/CHGNet_relax/mp-463\KF_092_converged.cif,4.376037136251716e-08,78
mp-463.cif,CSPML_chgnet/CHGNet_relax/mp-463\KF_093_converged.cif,2.4494895599790427e-08,79
mp-463.cif,CSPML_chgnet/CHGNet_relax/mp-463\KF_094_converged.cif,8.396427992315028e-08,80
mp-463.cif,CSPML_chgnet/CHGNet_relax/mp-463\KF_096_converged.cif,8.455767099922522e-08,81
mp-463.cif,CSPML_chgnet/CHGNet_relax/mp-463\KF_097_converged.cif,2.8284270014853114e-08,82
mp-463.cif,CSPML_chgnet/CHGNet_relax/mp-463\KF_100_converged.cif,1.0173781033099372e-07,83
mp-672.cif,CSPML_chgnet/CHGNet_relax/mp-672\CdS_017_converged.cif,0.0029389202401700803,1
mp-672.cif,CSPML_chgnet/CHGNet_relax/mp-672\CdS_043_converged.cif,0.004082822449827831,2
mp-672.cif,CSPML_chgnet/CHGNet_relax/mp-672\CdS_082_converged.cif,0.004032266351882935,3
mp-682.cif,CSPML_chgnet/CHGNet_relax/mp-682\NaF_001_converged.cif,3.162278013264051e-08,1
mp-682.cif,CSPML_chgnet/CHGNet_relax/mp-682\NaF_002_converged.cif,1.1379806327776562e-07,2
mp-682.cif,CSPML_chgnet/CHGNet_relax/mp-682\NaF_003_converged.cif,1.0295632385808767e-07,3
mp-682.cif,CSPML_chgnet/CHGNet_relax/mp-682\NaF_005_converged.cif,1.4142135707253038e-08,4
mp-682.cif,CSPML_chgnet/CHGNet_relax/mp-682\NaF_006_converged.cif,3.082207055668237e-08,5
mp-682.cif,CSPML_chgnet/CHGNet_relax/mp-682\NaF_007_converged.cif,1.854723881970225e-07,6
mp-682.cif,CSPML_chgnet/CHGNet_relax/mp-682\NaF_008_converged.cif,2.501999382009536e-07,7
mp-682.cif,CSPML_chgnet/CHGNet_relax/mp-682\NaF_010_converged.cif,1.4362625007082843e-16,8
mp-682.cif,CSPML_chgnet/CHGNet_relax/mp-682\NaF_011_converged.cif,1.581139020476651e-08,9
mp-682.cif,CSPML_chgnet/CHGNet_relax/mp-682\NaF_012_converged.cif,2.4494896551338227e-08,10
mp-682.cif,CSPML_chgnet/CHGNet_relax/mp-682\NaF_018_converged.cif,2.9154758955573517e-08,11
mp-682.cif,CSPML_chgnet/CHGNet_relax/mp-682\NaF_019_converged.cif,1.4142134219074967e-08,12
mp-682.cif,CSPML_chgnet/CHGNet_relax/mp-682\NaF_020_converged.cif,2.1213203941098866e-08,13
mp-682.cif,CSPML_chgnet/CHGNet_relax/mp-682\NaF_021_converged.cif,2.738612893307236e-08,14
mp-682.cif,CSPML_chgnet/CHGNet_relax/mp-682\NaF_022_converged.cif,2.345208026119407e-08,15
mp-682.cif,CSPML_chgnet/CHGNet_relax/mp-682\NaF_023_converged.cif,1.4386764501205837e-16,16
mp-682.cif,CSPML_chgnet/CHGNet_relax/mp-682\NaF_024_converged.cif,1.2247450273190946e-08,17
mp-682.cif,CSPML_chgnet/CHGNet_relax/mp-682\NaF_026_converged.cif,7.874008388914756e-08,18
mp-682.cif,CSPML_chgnet/CHGNet_relax/mp-682\NaF_027_converged.cif,1.4142135360065823e-08,19
mp-682.cif,CSPML_chgnet/CHGNet_relax/mp-682\NaF_028_converged.cif,9.055384709435181e-08,20
mp-682.cif,CSPML_chgnet/CHGNet_relax/mp-682\NaF_029_converged.cif,3.9370041804247226e-08,21
mp-682.cif,CSPML_chgnet/CHGNet_relax/mp-682\NaF_030_converged.cif,2.0285465526727367e-07,22
mp-682.cif,CSPML_chgnet/CHGNet_relax/mp-682\NaF_031_converged.cif,1.4142135346833402e-08,23
mp-682.cif,CSPML_chgnet/CHGNet_relax/mp-682\NaF_032_converged.cif,7.211102347544501e-08,24
mp-682.cif,CSPML_chgnet/CHGNet_relax/mp-682\NaF_035_converged.cif,4.7434171551431663e-07,25
mp-682.cif,CSPML_chgnet/CHGNet_relax/mp-682\NaF_036_converged.cif,1.9999997304967442e-08,26
mp-682.cif,CSPML_chgnet/CHGNet_relax/mp-682\NaF_037_converged.cif,2.342008117583719e-07,27
mp-682.cif,CSPML_chgnet/CHGNet_relax/mp-682\NaF_038_converged.cif,3.1622780773256815e-08,28
mp-682.cif,CSPML_chgnet/CHGNet_relax/mp-682\NaF_040_converged.cif,1.0977250936669244e-07,29
mp-682.cif,CSPML_chgnet/CHGNet_relax/mp-682\NaF_041_converged.cif,6.000000889182753e-08,30
mp-682.cif,CSPML_chgnet/CHGNet_relax/mp-682\NaF_042_converged.cif,2.5495100393570904e-08,31
mp-682.cif,CSPML_chgnet/CHGNet_relax/mp-682\NaF_043_converged.cif,6.324555853873995e-08,32
mp-682.cif,CSPML_chgnet/CHGNet_relax/mp-682\NaF_045_converged.cif,1.581138991749124e-08,33
mp-682.cif,CSPML_chgnet/CHGNet_relax/mp-682\NaF_046_converged.cif,1.7720046228150092e-07,34
mp-682.cif,CSPML_chgnet/CHGNet_relax/mp-682\NaF_047_converged.cif,1.2247449006232342e-08,35
mp-682.cif,CSPML_chgnet/CHGNet_relax/mp-682\NaF_048_converged.cif,7.035623603741119e-08,36
mp-682.cif,CSPML_chgnet/CHGNet_relax/mp-682\NaF_050_converged.cif,1.5811389093210364e-08,37
mp-682.cif,CSPML_chgnet/CHGNet_relax/mp-682\NaF_052_converged.cif,9.165151338394305e-08,38
mp-682.cif,CSPML_chgnet/CHGNet_relax/mp-682\NaF_053_converged.cif,2.345208033679116e-08,39
mp-682.cif,CSPML_chgnet/CHGNet_relax/mp-682\NaF_054_converged.cif,1.2000000828815033e-07,40
mp-682.cif,CSPML_chgnet/CHGNet_relax/mp-682\NaF_055_converged.cif,2.449489701007847e-08,41
mp-682.cif,CSPML_chgnet/CHGNet_relax/mp-682\NaF_056_converged.cif,2.2360683223171284e-08,42
mp-682.cif,CSPML_chgnet/CHGNet_relax/mp-682\NaF_058_converged.cif,2.44949005170499e-08,43
mp-682.cif,CSPML_chgnet/CHGNet_relax/mp-682\NaF_059_converged.cif,3.67423499985958e-08,44
mp-682.cif,CSPML_chgnet/CHGNet_relax/mp-682\NaF_060_converged.cif,2.3452079910840464e-08,45
mp-682.cif,CSPML_chgnet/CHGNet_relax/mp-682\NaF_062_converged.cif,4.183300316980575e-08,46
mp-682.cif,CSPML_chgnet/CHGNet_relax/mp-682\NaF_063_converged.cif,3.999999335282802e-08,47
mp-682.cif,CSPML_chgnet/CHGNet_relax/mp-682\NaF_065_converged.cif,5.999999801195309e-08,48
mp-682.cif,CSPML_chgnet/CHGNet_relax/mp-682\NaF_067_converged.cif,1.1916374007073843e-07,49
mp-682.cif,CSPML_chgnet/CHGNet_relax/mp-682\NaF_068_converged.cif,2.4494894262046154e-08,50
mp-682.cif,CSPML_chgnet/CHGNet_relax/mp-682\NaF_069_converged.cif,7.516647625506087e-08,51
mp-682.cif,CSPML_chgnet/CHGNet_relax/mp-682\NaF_070_converged.cif,6.250200620686564e-07,52
mp-682.cif,CSPML_chgnet/CHGNet_relax/mp-682\NaF_071_converged.cif,2.345208065770661e-08,53
mp-682.cif,CSPML_chgnet/CHGNet_relax/mp-682\NaF_073_converged.cif,2.4494897076655974e-08,54
mp-682.cif,CSPML_chgnet/CHGNet_relax/mp-682\NaF_074_converged.cif,3.909657052670214e-08,55
mp-682.cif,CSPML_chgnet/CHGNet_relax/mp-682\NaF_075_converged.cif,7.314369908152831e-08,56
mp-682.cif,CSPML_chgnet/CHGNet_relax/mp-682\NaF_078_converged.cif,5.8736707210823325e-08,57
mp-682.cif,CSPML_chgnet/CHGNet_relax/mp-682\NaF_079_converged.cif,8.514693363241875e-08,58
mp-682.cif,CSPML_chgnet/CHGNet_relax/mp-682\NaF_080_converged.cif,2.000002409772719e-08,59
mp-682.cif,CSPML_chgnet/CHGNet_relax/mp-682\NaF_081_converged.cif,1.7874558653496646e-07,60
mp-682.cif,CSPML_chgnet/CHGNet_relax/mp-682\NaF_082_converged.cif,1.3910430375451822e-07,61
mp-682.cif,CSPML_chgnet/CHGNet_relax/mp-682\NaF_084_converged.cif,2.4494896736712993e-08,62
mp-682.cif,CSPML_chgnet/CHGNet_relax/mp-682\NaF_085_converged.cif,9.575768042675652e-17,63
mp-682.cif,CSPML_chgnet/CHGNet_relax/mp-682\NaF_086_converged.cif,6.63324992883852e-08,64
mp-682.cif,CSPML_chgnet/CHGNet_relax/mp-682\NaF_087_converged.cif,1.4142136256971964e-08,65
mp-682.cif,CSPML_chgnet/CHGNet_relax/mp-682\NaF_088_converged.cif,3.9370045024647295e-08,66
mp-682.cif,CSPML_chgnet/CHGNet_relax/mp-682\NaF_089_converged.cif,8.602326654460202e-08,67
mp-682.cif,CSPML_chgnet/CHGNet_relax/mp-682\NaF_090_converged.cif,5.958187815717763e-08,68
mp-682.cif,CSPML_chgnet/CHGNet_relax/mp-682\NaF_091_converged.cif,2.3452079776330024e-08,69
mp-682.cif,CSPML_chgnet/CHGNet_relax/mp-682\NaF_093_converged.cif,1.581138906804681e-08,70
mp-682.cif,CSPML_chgnet/CHGNet_relax/mp-682\NaF_094_converged.cif,5.61248637114901e-08,71
mp-682.cif,CSPML_chgnet/CHGNet_relax/mp-682\NaF_096_converged.cif,4.527692214749951e-08,72
mp-682.cif,CSPML_chgnet/CHGNet_relax/mp-682\NaF_097_converged.cif,8.336667215558114e-08,73
mp-682.cif,CSPML_chgnet/CHGNet_relax/mp-682\NaF_098_converged.cif,2.4494894846514442e-08,74
mp-682.cif,CSPML_chgnet/CHGNet_relax/mp-682\NaF_099_converged.cif,2.7577171538942516e-07,75
